music_img,music_title,music_artist,music_genre
https://cdnimg.melon.co.kr/cm2/album/images/110/57/545/11057545_20221021124737_500.jpg/melon/resize/120/quality/80/optimize,Monologue,테이,발라드
https://cdnimg.melon.co.kr/cm2/album/images/110/00/171/11000171_20220708163659_500.jpg/melon/resize/120/quality/80/optimize,그때 그 순간 그대로 (그그그),WSG워너비 (가야G),발라드
https://cdnimg.melon.co.kr/cm2/album/images/110/63/334/11063334_20220923180858_500.jpg/melon/resize/120/quality/80/optimize,우린 그렇게 사랑해서,강민경 (다비치),발라드
https://cdnimg.melon.co.kr/cm2/album/images/108/71/162/10871162_20220217162422_500.jpg/melon/resize/120/quality/80/optimize,사랑인가 봐,멜로망스,"발라드, 국내드라마"
https://cdnimg.melon.co.kr/cm2/album/images/108/97/407/10897407_20220323150744_500.jpg/melon/resize/120/quality/80/optimize,내가 아니라도,주호,발라드
https://cdnimg.melon.co.kr/cm2/album/images/107/35/654/10735654_20211008114339_500.jpg/melon/resize/120/quality/80/optimize,사랑은 늘 도망가,임영웅,"발라드, 국내드라마"
https://cdnimg.melon.co.kr/cm2/album/images/109/29/486/10929486_20220422151852_500.jpg/melon/resize/120/quality/80/optimize,나의 X에게,경서,발라드
https://cdnimg.melon.co.kr/cm/album/images/022/32/505/2232505_500.jpg/melon/resize/120/quality/80/optimize,너의 모든 순간,성시경,"발라드, 국내드라마"
https://cdnimg.melon.co.kr/cm2/album/images/108/16/959/10816959_20211217144957_500.jpg/melon/resize/120/quality/80/optimize,취중고백,김민석 (멜로망스),발라드
https://cdnimg.melon.co.kr/cm2/album/images/106/10/525/10610525_20210518143433_500.jpg/melon/resize/120/quality/80/optimize,다정히 내 이름을 부르면,경서예지,발라드
https://cdnimg.melon.co.kr/cm2/album/images/109/23/444/10923444_20220502140600_500.jpg/melon/resize/120/quality/80/optimize,우리들의 블루스,임영웅,발라드
https://cdnimg.melon.co.kr/cm2/album/images/110/17/954/11017954_20220729152931_500.jpg/melon/resize/120/quality/80/optimize,새벽에 걸려온 너의 전화는,한동근,발라드
https://cdnimg.melon.co.kr/cm/album/images/101/49/492/10149492_500.jpg/melon/resize/120/quality/80/optimize,"모든 날, 모든 순간 (Every day, Every Moment)",폴킴,"발라드, 국내드라마"
https://cdnimg.melon.co.kr/cm2/album/images/110/23/572/11023572_20220805140858_500.jpg/melon/resize/120/quality/80/optimize,사랑한다고 말해줘,탑현,발라드
https://cdnimg.melon.co.kr/cm2/album/images/105/18/234/10518234_20210216102853_500.jpg/melon/resize/120/quality/80/optimize,밤하늘의 별을(2020),경서,발라드
https://cdnimg.melon.co.kr/cm2/album/images/110/01/347/11001347_20220711164254_500.jpg/melon/resize/120/quality/80/optimize,스티커 사진,21학번,"발라드, 인디음악"
https://cdnimg.melon.co.kr/cm2/album/images/110/73/603/11073603_20221007170204_500.jpg/melon/resize/120/quality/80/optimize,그래서 그대는,이영현,발라드
https://cdnimg.melon.co.kr/cm2/album/images/110/29/030/11029030_20220812105653_500.jpg/melon/resize/120/quality/80/optimize,통화연결음,보라미유,"인디음악, 발라드"
https://cdnimg.melon.co.kr/cm2/album/images/109/23/444/10923444_20220502140600_500.jpg/melon/resize/120/quality/80/optimize,다시 만날 수 있을까,임영웅,발라드
https://cdnimg.melon.co.kr/cm2/album/images/110/70/148/11070148_20221004162524_500.jpg/melon/resize/120/quality/80/optimize,못해,김나영,발라드
https://cdnimg.melon.co.kr/cm/album/images/012/86/252/1286252_500.jpg/melon/resize/120/quality/80/optimize,내 손을 잡아,아이유,"발라드, 국내드라마"
https://cdnimg.melon.co.kr/cm2/album/images/108/27/816/10827816_20211229143632_500.jpg/melon/resize/120/quality/80/optimize,드라마,아이유,발라드
https://cdnimg.melon.co.kr/cm2/album/images/110/78/887/11078887_20221018101221_500.jpg/melon/resize/120/quality/80/optimize,떠나보낼 준비해 둘걸 그랬어,임한별,발라드
https://cdnimg.melon.co.kr/cm2/album/images/110/00/863/11000863_20220711113237_500.jpg/melon/resize/120/quality/80/optimize,바보에게 바보가 (웹툰 '연애의 발견' X 이석훈),이석훈,발라드
https://cdnimg.melon.co.kr/cm2/album/images/109/60/568/10960568_20220518153132_500.jpg/melon/resize/120/quality/80/optimize,늦은 밤 헤어지긴 너무 아쉬워,케이시 (Kassy),발라드
https://cdnimg.melon.co.kr/cm2/album/images/108/80/544/10880544_20220225141002_500.jpg/melon/resize/120/quality/80/optimize,듣고 싶을까,MSG워너비(M.O.M),발라드
https://cdnimg.melon.co.kr/cm2/album/images/109/23/444/10923444_20220502140600_500.jpg/melon/resize/120/quality/80/optimize,아버지,임영웅,발라드
https://cdnimg.melon.co.kr/cm2/album/images/103/31/947/10331947_500.jpg/melon/resize/120/quality/80/optimize,"어떻게 이별까지 사랑하겠어, 널 사랑하는 거지",AKMU (악뮤),발라드
https://cdnimg.melon.co.kr/cm2/album/images/106/38/275/10638275_20210625172521_500.jpg/melon/resize/120/quality/80/optimize,바라만 본다,MSG워너비(M.O.M),발라드
https://cdnimg.melon.co.kr/cm2/album/images/109/23/444/10923444_20220502140600_500.jpg/melon/resize/120/quality/80/optimize,인생찬가,임영웅,발라드
https://cdnimg.melon.co.kr/cm2/album/images/109/80/018/10980018_20220610121447_500.jpg/melon/resize/120/quality/80/optimize,고백하는 취한밤에 (Prod. 2soo),임재현,발라드
https://cdnimg.melon.co.kr/cm2/album/images/110/76/343/11076343_20221012193540_500.jpg/melon/resize/120/quality/80/optimize,진심이었던 사람만 바보가 돼,권진아,발라드
https://cdnimg.melon.co.kr/cm/album/images/102/05/439/10205439_500.jpg/melon/resize/120/quality/80/optimize,가을 타나 봐,바이브,발라드
https://cdnimg.melon.co.kr/cm2/album/images/108/57/681/10857681_20220204162442_500.jpg/melon/resize/120/quality/80/optimize,언제나 사랑해,케이시 (Kassy),발라드
https://cdnimg.melon.co.kr/cm2/album/images/110/77/309/11077309_20221025140259_500.jpg/melon/resize/120/quality/80/optimize,그때로 돌아가,로이킴,발라드
https://cdnimg.melon.co.kr/cm2/album/images/104/63/600/10463600_20200720152905_500.jpg/melon/resize/120/quality/80/optimize,취기를 빌려 (취향저격 그녀 X 산들),산들,발라드
https://cdnimg.melon.co.kr/cm2/album/images/106/95/590/10695590_20210827162225_500.jpg/melon/resize/120/quality/80/optimize,고백,멜로망스,발라드
https://cdnimg.melon.co.kr/cm/album/images/101/02/177/10102177_500.jpg/melon/resize/120/quality/80/optimize,가을 안부,먼데이 키즈 (Monday Kiz),발라드
https://cdnimg.melon.co.kr/cm/album/images/000/28/985/28985_500.jpg/melon/resize/120/quality/80/optimize,희재,성시경,발라드
https://cdnimg.melon.co.kr/cm2/album/images/109/55/743/10955743_20220516141152_500.jpg/melon/resize/120/quality/80/optimize,팡파레,다비치,발라드
https://cdnimg.melon.co.kr/cm2/album/images/103/48/811/10348811_500.jpg/melon/resize/120/quality/80/optimize,늦은 밤 너의 집 앞 골목길에서,노을,발라드
https://cdnimg.melon.co.kr/cm2/album/images/110/73/488/11073488_20221007160224_500.jpg/melon/resize/120/quality/80/optimize,TIMELESS,경서예지,발라드
https://cdnimg.melon.co.kr/cm/album/images/022/90/324/2290324_500.jpg/melon/resize/120/quality/80/optimize,광화문에서 (At Gwanghwamun),규현 (KYUHYUN),발라드
https://cdnimg.melon.co.kr/cm2/album/images/110/82/167/11082167_20221021183715_500.jpg/melon/resize/120/quality/80/optimize,오늘 밤이 지나면,신예영,발라드
https://cdnimg.melon.co.kr/cm/album/images/100/47/890/10047890_500.jpg/melon/resize/120/quality/80/optimize,밤편지,아이유,발라드
https://cdnimg.melon.co.kr/cm2/album/images/110/62/828/11062828_20220923105240_500.jpg/melon/resize/120/quality/80/optimize,그중에 그대를 만나,김호중,발라드
https://cdnimg.melon.co.kr/cm2/album/images/110/52/796/11052796_20220913151720_500.jpg/melon/resize/120/quality/80/optimize,달,스트레이 (The Stray),발라드
https://cdnimg.melon.co.kr/cm2/album/images/110/83/469/11083469_20221021160540_500.jpg/melon/resize/120/quality/80/optimize,사랑아,KCM,발라드
https://cdnimg.melon.co.kr/cm2/album/images/109/54/134/10954134_20220513160759_500.jpg/melon/resize/120/quality/80/optimize,미친 것처럼,V.O.S,발라드
https://cdnimg.melon.co.kr/cm2/album/images/103/25/945/10325945_500.jpg/melon/resize/120/quality/80/optimize,가을밤 떠난 너,케이시 (Kassy),발라드
https://cdnimg.melon.co.kr/cm/album/images/102/17/134/10217134_500.jpg/melon/resize/120/quality/80/optimize,너를 만나,폴킴,발라드
https://cdnimg.melon.co.kr/cm/album/images/003/28/396/328396_500.jpg/melon/resize/120/quality/80/optimize,거리에서,성시경,발라드
https://cdnimg.melon.co.kr/cm/album/images/100/11/815/10011815_500.jpg/melon/resize/120/quality/80/optimize,11:11,태연 (TAEYEON),발라드
https://cdnimg.melon.co.kr/cm/album/images/026/87/963/2687963_500.jpg/melon/resize/120/quality/80/optimize,너였다면,정승환,발라드
https://cdnimg.melon.co.kr/cm2/album/images/107/39/711/10739711_20211013174125_500.jpg/melon/resize/120/quality/80/optimize,이러면 안 될 거 아는데 너 앞에만 서면 나락 (Feat. 10CM),딘딘 (DINDIN),발라드
https://cdnimg.melon.co.kr/cm2/album/images/110/84/878/11084878_20221024201647_500.jpg/melon/resize/120/quality/80/optimize,그대는 날 잊고 잘 지내나요 (I Still Miss You),황치열,발라드
https://cdnimg.melon.co.kr/cm2/album/images/109/76/036/10976036_20220607154341_500.jpg/melon/resize/120/quality/80/optimize,그 하루(feat.반하나),주호,발라드
https://cdnimg.melon.co.kr/cm2/album/images/110/69/174/11069174_20220930140119_500.jpg/melon/resize/120/quality/80/optimize,나의 목소리로,김호중,발라드
https://cdnimg.melon.co.kr/cm/album/images/003/99/659/399659_500.jpg/melon/resize/120/quality/80/optimize,Timeless,SG 워너비,발라드
https://cdnimg.melon.co.kr/cm2/album/images/105/07/546/10507546_20201022162417_500.jpg/melon/resize/120/quality/80/optimize,나랑 같이 걸을래 (바른연애 길잡이 X 적재),적재,발라드
https://cdnimg.melon.co.kr/cm2/album/images/105/54/246/10554246_20210325161233_500.jpg/melon/resize/120/quality/80/optimize,아이와 나의 바다,아이유,발라드
https://cdnimg.melon.co.kr/cm2/album/images/108/01/677/10801677_20211202181813_500.jpg/melon/resize/120/quality/80/optimize,눈이 오잖아(Feat.헤이즈),이무진,발라드
https://cdnimg.melon.co.kr/cm/album/images/007/72/051/772051_500.jpg/melon/resize/120/quality/80/optimize,못해 (Feat. 美),포맨 (4MEN),발라드
https://cdnimg.melon.co.kr/cm/album/images/022/44/822/2244822_500.jpg/melon/resize/120/quality/80/optimize,야생화,박효신,발라드
https://cdnimg.melon.co.kr/cm2/album/images/103/59/126/10359126_500.jpg/melon/resize/120/quality/80/optimize,너의 번호를 누르고 (Prod. 영화처럼),#안녕,발라드
https://cdnimg.melon.co.kr/cm/album/images/101/02/658/10102658_500.jpg/melon/resize/120/quality/80/optimize,그리워하다,비투비,발라드
https://cdnimg.melon.co.kr/cm/album/images/100/29/181/10029181_500.jpg/melon/resize/120/quality/80/optimize,첫눈처럼 너에게 가겠다,에일리(Ailee),발라드
https://cdnimg.melon.co.kr/cm2/album/images/108/42/005/10842005_20220114144240_500.jpg/melon/resize/120/quality/80/optimize,호랑수월가,탑현,발라드
https://cdnimg.melon.co.kr/cm2/album/images/105/56/610/10556610_20210129172644_500.jpg/melon/resize/120/quality/80/optimize,추억은 만남보다 이별에 남아,정동하,발라드
https://cdnimg.melon.co.kr/cm/album/images/003/44/501/344501_500.jpg/melon/resize/120/quality/80/optimize,같은 베개...,테이,발라드
https://cdnimg.melon.co.kr/cm/album/images/026/68/301/2668301_500.jpg/melon/resize/120/quality/80/optimize,다시 사랑한다면 (니글니글 버터플라이),김필,발라드
https://cdnimg.melon.co.kr/cm2/album/images/104/09/054/10409054_20200326163459_500.jpg/melon/resize/120/quality/80/optimize,아로하,조정석,발라드
https://cdnimg.melon.co.kr/cm/album/images/102/67/986/10267986_500.jpg/melon/resize/120/quality/80/optimize,시든 꽃에 물을 주듯,HYNN (박혜원),발라드
https://cdnimg.melon.co.kr/cm2/album/images/108/04/190/10804190_20211210110205_500.jpg/melon/resize/120/quality/80/optimize,서랍,10CM,발라드
https://cdnimg.melon.co.kr/cm/album/images/100/73/513/10073513_500.jpg/melon/resize/120/quality/80/optimize,좋니,윤종신,발라드
https://cdnimg.melon.co.kr/cm/album/images/102/86/309/10286309_500.jpg/melon/resize/120/quality/80/optimize,너에게 못했던 내 마지막 말은,다비치,발라드
https://cdnimg.melon.co.kr/cm2/album/images/110/11/391/11011391_20220721151316_500.jpg/melon/resize/120/quality/80/optimize,사랑이야,케이시 (Kassy),발라드
https://cdnimg.melon.co.kr/cm/album/images/102/37/420/10237420_500.jpg/melon/resize/120/quality/80/optimize,그때가 좋았어,케이시 (Kassy),발라드
https://cdnimg.melon.co.kr/cm2/album/images/110/76/375/11076375_20221012202057_500.jpg/melon/resize/120/quality/80/optimize,몹쓸 사랑,반하나,발라드
https://cdnimg.melon.co.kr/cm/album/images/022/84/064/2284064_500.jpg/melon/resize/120/quality/80/optimize,이 소설의 끝을 다시 써보려 해,한동근,발라드
https://cdnimg.melon.co.kr/cm2/album/images/103/17/137/10317137_500.jpg/melon/resize/120/quality/80/optimize,안녕,폴킴,발라드
https://cdnimg.melon.co.kr/cm2/album/images/103/88/744/10388744_20200214175740_500.jpg/melon/resize/120/quality/80/optimize,마음을 드려요,아이유,발라드
https://cdnimg.melon.co.kr/cm2/album/images/103/76/629/10376629_20200116110242_500.jpg/melon/resize/120/quality/80/optimize,이별이라는 밤,맥켈리,발라드
https://cdnimg.melon.co.kr/cm/album/images/101/52/984/10152984_500.jpg/melon/resize/120/quality/80/optimize,어른,Sondia,발라드
https://cdnimg.melon.co.kr/cm/album/images/026/64/299/2664299_500.jpg/melon/resize/120/quality/80/optimize,어디에도,엠씨더맥스 (M.C the MAX),발라드
https://cdnimg.melon.co.kr/cm/album/images/101/37/574/10137574_500.jpg/melon/resize/120/quality/80/optimize,그때 헤어지면 돼,로이킴,발라드
https://cdnimg.melon.co.kr/cm2/album/images/105/27/955/10527955_20201202190217_500.jpg/melon/resize/120/quality/80/optimize,그날에 나는 맘이 편했을까,이예준,발라드
https://cdnimg.melon.co.kr/cm/album/images/102/07/131/10207131_500.jpg/melon/resize/120/quality/80/optimize,사랑에 연습이 있었다면 (Prod. 2soo),임재현,발라드
https://cdnimg.melon.co.kr/cm2/album/images/110/48/906/11048906_20220906180454_500.jpg/melon/resize/120/quality/80/optimize,인생은 뷰티풀,김호중,발라드
https://cdnimg.melon.co.kr/cm2/album/images/110/37/241/11037241_20220824154122_500.jpg/melon/resize/120/quality/80/optimize,이별한 이유가 너무 아파,임한별,발라드
https://cdnimg.melon.co.kr/cm/album/images/101/55/845/10155845_500.jpg/melon/resize/120/quality/80/optimize,사랑했었다 (Still love you),이홍기 (FT아일랜드),발라드
https://cdnimg.melon.co.kr/cm2/album/images/103/88/581/10388581_20200214160016_500.jpg/melon/resize/120/quality/80/optimize,그때 그 아인,김필,발라드
https://cdnimg.melon.co.kr/cm2/album/images/110/88/093/11088093_20221027105247_500.jpg/melon/resize/120/quality/80/optimize,우리가 남이 된다면,노을,발라드
https://cdnimg.melon.co.kr/cm2/album/images/109/29/466/10929466_20220422145303_500.jpg/melon/resize/120/quality/80/optimize,With you,지민,발라드
https://cdnimg.melon.co.kr/cm/album/images/022/56/290/2256290_500.jpg/melon/resize/120/quality/80/optimize,너의 의미 (Feat. 김창완),아이유,발라드
https://cdnimg.melon.co.kr/cm2/album/images/105/11/156/10511156_20201029161043_500.jpg/melon/resize/120/quality/80/optimize,네 옆에 그 사람은 내가 아닌 다른사람,TOIL,발라드
https://cdnimg.melon.co.kr/cm2/album/images/105/08/266/10508266_20201023171236_500.jpg/melon/resize/120/quality/80/optimize,잠이 오질 않네요,장범준,발라드
https://cdnimg.melon.co.kr/cm/album/images/021/53/251/2153251_500.jpg/melon/resize/120/quality/80/optimize,저녁 하늘,에일리(Ailee),발라드
https://cdnimg.melon.co.kr/cm2/album/images/110/78/852/11078852_20221017102947_500.jpg/melon/resize/120/quality/80/optimize,Nxde,(여자)아이들,댄스
https://cdnimg.melon.co.kr/cm2/album/images/110/78/496/11078496_20221014153848_500.jpg/melon/resize/120/quality/80/optimize,ANTIFRAGILE,LE SSERAFIM (르세라핌),댄스
https://cdnimg.melon.co.kr/cm2/album/images/110/34/298/11034298_20220822101843_500.jpg/melon/resize/120/quality/80/optimize,After LIKE,IVE (아이브),댄스
https://cdnimg.melon.co.kr/cm2/album/images/110/11/565/11011565_20220801102637_500.jpg/melon/resize/120/quality/80/optimize,Hype boy,NewJeans,댄스
https://cdnimg.melon.co.kr/cm2/album/images/110/11/565/11011565_20220801102637_500.jpg/melon/resize/120/quality/80/optimize,Attention,NewJeans,댄스
https://cdnimg.melon.co.kr/cm2/album/images/109/09/179/10909179_20220405103521_500.jpg/melon/resize/120/quality/80/optimize,LOVE DIVE,IVE (아이브),댄스
https://cdnimg.melon.co.kr/cm2/album/images/110/11/565/11011565_20220801102637_500.jpg/melon/resize/120/quality/80/optimize,Cookie,NewJeans,댄스
https://cdnimg.melon.co.kr/cm2/album/images/110/23/224/11023224_20220804182919_500.jpg/melon/resize/120/quality/80/optimize,FOREVER 1,소녀시대 (GIRLS' GENERATION),댄스
https://cdnimg.melon.co.kr/cm2/album/images/109/39/458/10939458_20220502123814_500.jpg/melon/resize/120/quality/80/optimize,FEARLESS,LE SSERAFIM (르세라핌),댄스
https://cdnimg.melon.co.kr/cm2/album/images/107/98/794/10798794_20211201113915_500.jpg/melon/resize/120/quality/80/optimize,ELEVEN,IVE (아이브),댄스
https://cdnimg.melon.co.kr/cm2/album/images/109/37/474/10937474_20220428225312_500.jpg/melon/resize/120/quality/80/optimize,That That (prod. & feat. SUGA of BTS),싸이 (PSY),댄스
https://cdnimg.melon.co.kr/cm2/album/images/110/04/992/11004992_20220722175827_500.jpg/melon/resize/120/quality/80/optimize,SNEAKERS,ITZY (있지),댄스
https://cdnimg.melon.co.kr/cm2/album/images/109/72/706/10972706_20220708111110_500.jpg/melon/resize/120/quality/80/optimize,도깨비불 (Illusion),aespa,댄스
https://cdnimg.melon.co.kr/cm2/album/images/109/90/161/10990161_20220623203136_500.jpg/melon/resize/120/quality/80/optimize,POP!,나연 (TWICE),댄스
https://cdnimg.melon.co.kr/cm2/album/images/104/79/150/10479150_20200918102847_500.jpg/melon/resize/120/quality/80/optimize,Dynamite,방탄소년단,댄스
https://cdnimg.melon.co.kr/cm2/album/images/110/57/553/11057553_20220916134728_500.jpg/melon/resize/120/quality/80/optimize,DICE,NMIXX,댄스
https://cdnimg.melon.co.kr/cm2/album/images/108/94/554/10894554_20220321100622_500.jpg/melon/resize/120/quality/80/optimize,Feel My Rhythm,Red Velvet (레드벨벳),댄스
https://cdnimg.melon.co.kr/cm2/album/images/108/63/559/10863559_20220214160739_500.jpg/melon/resize/120/quality/80/optimize,INVU,태연 (TAEYEON),댄스
https://cdnimg.melon.co.kr/cm2/album/images/109/72/706/10972706_20220708111110_500.jpg/melon/resize/120/quality/80/optimize,Girls,aespa,댄스
https://cdnimg.melon.co.kr/cm2/album/images/106/09/232/10609232_20210517155130_500.jpg/melon/resize/120/quality/80/optimize,Next Level,aespa,댄스
https://cdnimg.melon.co.kr/cm2/album/images/106/12/483/10612483_20210521111412_500.jpg/melon/resize/120/quality/80/optimize,Butter,방탄소년단,댄스
https://cdnimg.melon.co.kr/cm2/album/images/110/38/172/11038172_20220825154457_500.jpg/melon/resize/120/quality/80/optimize,Talk that Talk,TWICE (트와이스),댄스
https://cdnimg.melon.co.kr/cm2/album/images/106/48/182/10648182_20210709104950_500.jpg/melon/resize/120/quality/80/optimize,Permission to Dance,방탄소년단,댄스
https://cdnimg.melon.co.kr/cm2/album/images/106/45/654/10645654_20210706155154_500.jpg/melon/resize/120/quality/80/optimize,Weekend,태연 (TAEYEON),댄스
https://cdnimg.melon.co.kr/cm2/album/images/105/54/246/10554246_20210325161233_500.jpg/melon/resize/120/quality/80/optimize,Celebrity,아이유,댄스
https://cdnimg.melon.co.kr/cm2/album/images/108/42/611/10842611_20220117110002_500.jpg/melon/resize/120/quality/80/optimize,SMILEY (Feat. BIBI),YENA (최예나),댄스
https://cdnimg.melon.co.kr/cm2/album/images/109/93/611/10993611_20220629102946_500.jpg/melon/resize/120/quality/80/optimize,열이올라요 (Heart Burn),선미,댄스
https://cdnimg.melon.co.kr/cm2/album/images/105/54/246/10554246_20210325161233_500.jpg/melon/resize/120/quality/80/optimize,라일락,아이유,댄스
https://cdnimg.melon.co.kr/cm2/album/images/110/74/309/11074309_20221011124306_500.jpg/melon/resize/120/quality/80/optimize,ILLELLA (일낼라),마마무 (Mamamoo),댄스
https://cdnimg.melon.co.kr/cm2/album/images/100/43/575/10043575_20210302112520_500.jpg/melon/resize/120/quality/80/optimize,롤린 (Rollin'),브레이브걸스,댄스
https://cdnimg.melon.co.kr/cm2/album/images/110/56/832/11056832_20220915150210_500.jpg/melon/resize/120/quality/80/optimize,질주 (2 Baddies),NCT 127,댄스
https://cdnimg.melon.co.kr/cm2/album/images/107/31/792/10731792_20211005145407_500.jpg/melon/resize/120/quality/80/optimize,Savage,aespa,댄스
https://cdnimg.melon.co.kr/cm2/album/images/109/97/520/10997520_20220705113945_500.jpg/melon/resize/120/quality/80/optimize,I LOVE U,WINNER,댄스
https://cdnimg.melon.co.kr/cm2/album/images/110/78/170/11078170_20221014101731_500.jpg/melon/resize/120/quality/80/optimize,파노라마,이찬혁,댄스
https://cdnimg.melon.co.kr/cm/album/images/102/73/641/10273641_500.jpg/melon/resize/120/quality/80/optimize,작은 것들을 위한 시 (Boy With Luv) (Feat. Halsey),방탄소년단,댄스
https://cdnimg.melon.co.kr/cm2/album/images/104/98/032/10498032_20200929122954_500.jpg/melon/resize/120/quality/80/optimize,Lovesick Girls,BLACKPINK,댄스
https://cdnimg.melon.co.kr/cm2/album/images/110/78/886/11078886_20221018101213_500.jpg/melon/resize/120/quality/80/optimize,DOMESTIC (팔각정),비,댄스
https://cdnimg.melon.co.kr/cm2/album/images/106/04/729/10604729_20210510143932_500.jpg/melon/resize/120/quality/80/optimize,Dun Dun Dance,오마이걸 (OH MY GIRL),댄스
https://cdnimg.melon.co.kr/cm2/album/images/110/33/394/11033394_20220916124707_500.jpg/melon/resize/120/quality/80/optimize,Ready For Love,BLACKPINK,댄스
https://cdnimg.melon.co.kr/cm2/album/images/110/08/450/11008450_20220719111811_500.jpg/melon/resize/120/quality/80/optimize,BEAUTIFUL MONSTER,STAYC(스테이씨),댄스
https://cdnimg.melon.co.kr/cm2/album/images/110/00/171/11000171_20220708163659_500.jpg/melon/resize/120/quality/80/optimize,Clink Clink (클링 클링),WSG워너비 (오아시소),댄스
https://cdnimg.melon.co.kr/cm2/album/images/108/73/811/10873811_20220221141100_500.jpg/melon/resize/120/quality/80/optimize,RUN2U,STAYC(스테이씨),댄스
https://cdnimg.melon.co.kr/cm/album/images/100/72/696/10072696_500.jpg/melon/resize/120/quality/80/optimize,마지막처럼,BLACKPINK,댄스
https://cdnimg.melon.co.kr/cm2/album/images/110/01/072/11001072_20220727122138_500.jpg/melon/resize/120/quality/80/optimize,Sparkling,청하,댄스
https://cdnimg.melon.co.kr/cm2/album/images/110/33/394/11033394_20220916124707_500.jpg/melon/resize/120/quality/80/optimize,Yeah Yeah Yeah,BLACKPINK,댄스
https://cdnimg.melon.co.kr/cm2/album/images/108/18/396/10818396_20211220135618_500.jpg/melon/resize/120/quality/80/optimize,Dreams Come True,aespa,댄스
https://cdnimg.melon.co.kr/cm2/album/images/108/30/791/10830791_20220103153352_500.jpg/melon/resize/120/quality/80/optimize,Step Back,GOT the beat,댄스
https://cdnimg.melon.co.kr/cm2/album/images/104/51/566/10451566_20200626114914_500.jpg/melon/resize/120/quality/80/optimize,How You Like That,BLACKPINK,댄스
https://cdnimg.melon.co.kr/cm2/album/images/109/39/458/10939458_20220502123814_500.jpg/melon/resize/120/quality/80/optimize,Blue Flame,LE SSERAFIM (르세라핌),댄스
https://cdnimg.melon.co.kr/cm2/album/images/104/23/289/10423289_20200427153909_500.jpg/melon/resize/120/quality/80/optimize,Dolphin,오마이걸 (OH MY GIRL),댄스
https://cdnimg.melon.co.kr/cm2/album/images/110/69/463/11069463_20220930171519_500.jpg/melon/resize/120/quality/80/optimize,28 Reasons,슬기 (SEULGI),댄스
https://cdnimg.melon.co.kr/cm2/album/images/105/54/246/10554246_20210325161233_500.jpg/melon/resize/120/quality/80/optimize,어푸 (Ah puh),아이유,댄스
https://cdnimg.melon.co.kr/cm/album/images/100/11/491/10011491_500.jpg/melon/resize/120/quality/80/optimize,불장난,BLACKPINK,댄스
https://cdnimg.melon.co.kr/cm2/album/images/105/89/127/10589127_20210407175809_500.jpg/melon/resize/120/quality/80/optimize,ASAP,STAYC(스테이씨),댄스
https://cdnimg.melon.co.kr/cm2/album/images/104/23/289/10423289_20200427153909_500.jpg/melon/resize/120/quality/80/optimize,살짝 설ㅤㄹㅔㅆ어 (Nonstop),오마이걸 (OH MY GIRL),댄스
https://cdnimg.melon.co.kr/cm2/album/images/109/22/231/10922231_20220527120653_500.jpg/melon/resize/120/quality/80/optimize,Darl+ing,세븐틴,댄스
https://cdnimg.melon.co.kr/cm/album/images/003/22/845/322845_500.jpg/melon/resize/120/quality/80/optimize,비행기,거북이,댄스
https://cdnimg.melon.co.kr/cm2/album/images/109/09/179/10909179_20220405103521_500.jpg/melon/resize/120/quality/80/optimize,ROYAL,IVE (아이브),댄스
https://cdnimg.melon.co.kr/cm/album/images/101/76/415/10176415_500.jpg/melon/resize/120/quality/80/optimize,Forever Young,BLACKPINK,댄스
https://cdnimg.melon.co.kr/cm2/album/images/103/68/053/10368053_20191223155246_500.jpg/melon/resize/120/quality/80/optimize,Psycho,Red Velvet (레드벨벳),댄스
https://cdnimg.melon.co.kr/cm2/album/images/106/80/450/10680450_20210813124748_500.jpg/melon/resize/120/quality/80/optimize,Queendom,Red Velvet (레드벨벳),댄스
https://cdnimg.melon.co.kr/cm/album/images/003/55/853/355853_500.jpg/melon/resize/120/quality/80/optimize,거짓말,BIGBANG (빅뱅),댄스
https://cdnimg.melon.co.kr/cm2/album/images/108/42/783/10842783_20220117113727_500.jpg/melon/resize/120/quality/80/optimize,DM,프로미스나인,댄스
https://cdnimg.melon.co.kr/cm2/album/images/107/58/782/10758782_20211101111650_500.jpg/melon/resize/120/quality/80/optimize,나는 트로트가 싫어요,임창정,댄스
https://cdnimg.melon.co.kr/cm/album/images/026/77/681/2677681_500.jpg/melon/resize/120/quality/80/optimize,상상더하기,라붐 (LABOUM),댄스
https://cdnimg.melon.co.kr/cm2/album/images/105/73/486/10573486_20210304202053_500.jpg/melon/resize/120/quality/80/optimize,"LOVE DAY (2021) (바른연애 길잡이 X 양요섭, 정은지)",양요섭,댄스
https://cdnimg.melon.co.kr/cm/album/images/026/95/228/2695228_500.jpg/melon/resize/120/quality/80/optimize,아주 NICE,세븐틴,댄스
https://cdnimg.melon.co.kr/cm2/album/images/109/91/127/10991127_20220627110127_500.jpg/melon/resize/120/quality/80/optimize,Stay This Way,프로미스나인,댄스
https://cdnimg.melon.co.kr/cm/album/images/100/51/659/10051659_500.jpg/melon/resize/120/quality/80/optimize,REALLY REALLY,WINNER,댄스
https://cdnimg.melon.co.kr/cm2/album/images/109/69/893/10969893_20220530105316_500.jpg/melon/resize/120/quality/80/optimize,Beatbox,NCT DREAM,댄스
https://cdnimg.melon.co.kr/cm2/album/images/106/67/450/10667450_20210802111127_500.jpg/melon/resize/120/quality/80/optimize,DUMB DUMB,전소미,댄스
https://cdnimg.melon.co.kr/cm2/album/images/108/76/078/10876078_20220222145049_500.jpg/melon/resize/120/quality/80/optimize,O.O,NMIXX,댄스
https://cdnimg.melon.co.kr/cm2/album/images/109/01/349/10901349_20220328124314_500.jpg/melon/resize/120/quality/80/optimize,버퍼링 (Glitch Mode),NCT DREAM,댄스
https://cdnimg.melon.co.kr/cm/album/images/010/93/562/1093562_500.jpg/melon/resize/120/quality/80/optimize,좋은 날,아이유,댄스
https://cdnimg.melon.co.kr/cm/album/images/100/55/259/10055259_500.jpg/melon/resize/120/quality/80/optimize,BLUE MOON (Prod. GroovyRoom),효린,댄스
https://cdnimg.melon.co.kr/cm2/album/images/105/30/160/10530160_20201207160115_500.jpg/melon/resize/120/quality/80/optimize,Panorama,IZ*ONE (아이즈원),댄스
https://cdnimg.melon.co.kr/cm/album/images/003/92/870/392870_500.jpg/melon/resize/120/quality/80/optimize,하루 하루,BIGBANG (빅뱅),댄스
https://cdnimg.melon.co.kr/cm2/album/images/110/33/394/11033394_20220916124707_500.jpg/melon/resize/120/quality/80/optimize,Hard to Love,BLACKPINK,댄스
https://cdnimg.melon.co.kr/cm/album/images/003/55/128/355128_500.jpg/melon/resize/120/quality/80/optimize,다시 만난 세계 (Into The New World),소녀시대 (GIRLS' GENERATION),댄스
https://cdnimg.melon.co.kr/cm/album/images/020/40/666/2040666_500.jpg/melon/resize/120/quality/80/optimize,너랑 나,아이유,댄스
https://cdnimg.melon.co.kr/cm2/album/images/104/76/623/10476623_20200814143410_500.jpg/melon/resize/120/quality/80/optimize,운전만해 (We Ride),브레이브걸스,댄스
https://cdnimg.melon.co.kr/cm2/album/images/104/70/992/10470992_20200803154248_500.jpg/melon/resize/120/quality/80/optimize,덤디덤디 (DUMDi DUMDi),(여자)아이들,댄스
https://cdnimg.melon.co.kr/cm2/album/images/103/89/281/10389281_20200217162236_500.jpg/melon/resize/120/quality/80/optimize,FIESTA,IZ*ONE (아이즈원),댄스
https://cdnimg.melon.co.kr/cm2/album/images/105/19/346/10519346_20201117151537_500.jpg/melon/resize/120/quality/80/optimize,Black Mamba,aespa,댄스
https://cdnimg.melon.co.kr/cm2/album/images/109/73/216/10973216_20220531214225_500.jpg/melon/resize/120/quality/80/optimize,러브 쉿!,조유리,댄스
https://cdnimg.melon.co.kr/cm/album/images/005/98/055/598055_500.jpg/melon/resize/120/quality/80/optimize,I Don't Care,2NE1,댄스
https://cdnimg.melon.co.kr/cm2/album/images/107/49/330/10749330_20211022104927_500.jpg/melon/resize/120/quality/80/optimize,Rock with you,세븐틴,댄스
https://cdnimg.melon.co.kr/cm2/album/images/104/00/522/10400522_20200309153009_500.jpg/melon/resize/120/quality/80/optimize,WANNABE,ITZY (있지),댄스
https://cdnimg.melon.co.kr/cm2/album/images/110/12/214/11012214_20220722161400_500.jpg/melon/resize/120/quality/80/optimize,Somebody!,로꼬,댄스
https://cdnimg.melon.co.kr/cm2/album/images/109/90/058/10990058_20220623170956_500.jpg/melon/resize/120/quality/80/optimize,Life′s Too Short (English Ver.),aespa,댄스
https://cdnimg.melon.co.kr/cm/album/images/102/50/473/10250473_500.jpg/melon/resize/120/quality/80/optimize,달라달라,ITZY (있지),댄스
https://cdnimg.melon.co.kr/cm/album/images/005/08/460/508460_500.jpg/melon/resize/120/quality/80/optimize,8282,다비치,댄스
https://cdnimg.melon.co.kr/cm/album/images/004/05/351/405351_500.jpg/melon/resize/120/quality/80/optimize,붉은 노을,BIGBANG (빅뱅),댄스
https://cdnimg.melon.co.kr/cm/album/images/021/21/646/2121646_500.jpg/melon/resize/120/quality/80/optimize,하루 끝,아이유,댄스
https://cdnimg.melon.co.kr/cm2/album/images/106/23/687/10623687_20210611104446_500.jpg/melon/resize/120/quality/80/optimize,Alcohol-Free,TWICE (트와이스),댄스
https://cdnimg.melon.co.kr/cm2/album/images/109/37/474/10937474_20220428225312_500.jpg/melon/resize/120/quality/80/optimize,Celeb,싸이 (PSY),댄스
https://cdnimg.melon.co.kr/cm2/album/images/110/20/241/11020241_20220802154217_500.jpg/melon/resize/120/quality/80/optimize,SMARTPHONE,YENA (최예나),댄스
https://cdnimg.melon.co.kr/cm/album/images/101/83/127/10183127_500.jpg/melon/resize/120/quality/80/optimize,Dance The Night Away,TWICE (트와이스),댄스
https://cdnimg.melon.co.kr/cm2/album/images/104/75/061/10475061_20200812120927_500.jpg/melon/resize/120/quality/80/optimize,When We Disco (Duet with 선미),박진영,댄스
https://cdnimg.melon.co.kr/cm/album/images/101/63/578/10163578_500.jpg/melon/resize/120/quality/80/optimize,LATATA,(여자)아이들,댄스
https://cdnimg.melon.co.kr/cm2/album/images/110/45/985/11045985_20220905151107_500.jpg/melon/resize/120/quality/80/optimize,새삥 (Prod. ZICO) (Feat. 호미들),지코 (ZICO),랩/힙합
https://cdnimg.melon.co.kr/cm2/album/images/110/33/394/11033394_20220916124707_500.jpg/melon/resize/120/quality/80/optimize,Shut Down,BLACKPINK,랩/힙합
https://cdnimg.melon.co.kr/cm2/album/images/110/33/394/11033394_20220916124707_500.jpg/melon/resize/120/quality/80/optimize,Pink Venom,BLACKPINK,랩/힙합
https://cdnimg.melon.co.kr/cm2/album/images/110/67/591/11067591_20220929100834_500.jpg/melon/resize/120/quality/80/optimize,자격지심 (Feat. ZICO),BE'O (비오),랩/힙합
https://cdnimg.melon.co.kr/cm2/album/images/110/45/985/11045985_20220905151107_500.jpg/melon/resize/120/quality/80/optimize,LAW (Prod. Czaer),윤미래,랩/힙합
https://cdnimg.melon.co.kr/cm2/album/images/107/43/373/10743373_20211018161315_500.jpg/melon/resize/120/quality/80/optimize,내 기쁨은 너가 벤틀리를 끄는 거야,김승민,랩/힙합
https://cdnimg.melon.co.kr/cm2/album/images/109/16/904/10916904_20220412101049_500.jpg/melon/resize/120/quality/80/optimize,LOVE me,BE'O (비오),랩/힙합
https://cdnimg.melon.co.kr/cm2/album/images/107/75/252/10775252_20211112142804_500.jpg/melon/resize/120/quality/80/optimize,"회전목마 (Feat. Zion.T, 원슈타인) (Prod. Slom)",sokodomo,랩/힙합
https://cdnimg.melon.co.kr/cm2/album/images/108/90/384/10890384_20220314111504_500.jpg/melon/resize/120/quality/80/optimize,MY BAG,(여자)아이들,랩/힙합
https://cdnimg.melon.co.kr/cm/album/images/100/37/969/10037969_500.jpg/melon/resize/120/quality/80/optimize,봄날,방탄소년단,랩/힙합
https://cdnimg.melon.co.kr/cm2/album/images/109/79/636/10979636_20220609175418_500.jpg/melon/resize/120/quality/80/optimize,Yet To Come,방탄소년단,랩/힙합
https://cdnimg.melon.co.kr/cm2/album/images/104/47/520/10447520_20200619123343_500.jpg/melon/resize/120/quality/80/optimize,OHAYO MY NIGHT,디핵 (D-Hack),랩/힙합
https://cdnimg.melon.co.kr/cm2/album/images/109/23/444/10923444_20220502140600_500.jpg/melon/resize/120/quality/80/optimize,A bientot,임영웅,랩/힙합
https://cdnimg.melon.co.kr/cm2/album/images/107/84/974/10784974_20211119152051_500.jpg/melon/resize/120/quality/80/optimize,리무진 (Feat. MINO) (Prod. GRAY),BE'O (비오),랩/힙합
https://cdnimg.melon.co.kr/cm2/album/images/110/31/803/11031803_20220817140718_500.jpg/melon/resize/120/quality/80/optimize,잠수이별 (Prod. 코드 쿤스트),우원재,랩/힙합
https://cdnimg.melon.co.kr/cm2/album/images/105/80/227/10580227_20210319163608_500.jpg/melon/resize/120/quality/80/optimize,"사이렌 Remix (Feat. UNEDUCATED KID, Paul Blanco)",호미들,랩/힙합
https://cdnimg.melon.co.kr/cm2/album/images/106/01/149/10601149_20210430171555_500.jpg/melon/resize/120/quality/80/optimize,문득,BE'O (비오),랩/힙합
https://cdnimg.melon.co.kr/cm2/album/images/109/22/231/10922231_20220527120653_500.jpg/melon/resize/120/quality/80/optimize,HOT,세븐틴,랩/힙합
https://cdnimg.melon.co.kr/cm2/album/images/108/10/162/10810162_20211210171704_500.jpg/melon/resize/120/quality/80/optimize,Counting Stars (Feat. Beenzino),BE'O (비오),랩/힙합
https://cdnimg.melon.co.kr/cm2/album/images/103/59/162/10359162_500.jpg/melon/resize/120/quality/80/optimize,METEOR,창모 (CHANGMO),랩/힙합
https://cdnimg.melon.co.kr/cm2/album/images/107/84/974/10784974_20211119152051_500.jpg/melon/resize/120/quality/80/optimize,만남은 쉽고 이별은 어려워 (Feat. Leellamarz) (Prod. TOIL),베이식 (Basick),랩/힙합
https://cdnimg.melon.co.kr/cm2/album/images/109/84/354/10984354_20220615140704_500.jpg/melon/resize/120/quality/80/optimize,Summer (Feat. BE’O (비오)),Paul Blanco,랩/힙합
https://cdnimg.melon.co.kr/cm2/album/images/104/62/855/10462855_20200717153814_500.jpg/melon/resize/120/quality/80/optimize,"Rainy day (Feat. ASH ISLAND, Skinny Brown)",PATEKO (파테코),랩/힙합
https://cdnimg.melon.co.kr/cm2/album/images/103/99/190/10399190_20200305151138_500.jpg/melon/resize/120/quality/80/optimize,어떻게 지내 (Prod. By VAN.C),오반,랩/힙합
https://cdnimg.melon.co.kr/cm/album/images/102/02/362/10202362_500.jpg/melon/resize/120/quality/80/optimize,Trip (Feat. Hannah),릴러말즈 (Leellamarz),랩/힙합
https://cdnimg.melon.co.kr/cm2/album/images/109/18/269/10918269_20220413101153_500.jpg/melon/resize/120/quality/80/optimize,ZOOM,제시 (Jessi),랩/힙합
https://cdnimg.melon.co.kr/cm/album/images/100/93/389/10093389_500.jpg/melon/resize/120/quality/80/optimize,시차 (We Are) (Feat. 로꼬 & GRAY),우원재,랩/힙합
https://cdnimg.melon.co.kr/cm2/album/images/110/68/605/11068605_20220929223137_500.jpg/melon/resize/120/quality/80/optimize,시간아 멈춰 (Feat. Leellamarz)  (Prod. TOIL),다이나믹 듀오,랩/힙합
https://cdnimg.melon.co.kr/cm2/album/images/105/70/193/10570193_20210225111143_500.jpg/melon/resize/120/quality/80/optimize,멜로디,ASH ISLAND,랩/힙합
https://cdnimg.melon.co.kr/cm2/album/images/104/06/889/10406889_20200323160252_500.jpg/melon/resize/120/quality/80/optimize,GONE (Feat. Paloalto) (Prod. TOIL),릴러말즈 (Leellamarz),랩/힙합
https://cdnimg.melon.co.kr/cm2/album/images/110/72/730/11072730_20221006174814_500.jpg/melon/resize/120/quality/80/optimize,CASE 143,Stray Kids (스트레이 키즈),랩/힙합
https://cdnimg.melon.co.kr/cm2/album/images/110/08/344/11008344_20220727145303_500.jpg/melon/resize/120/quality/80/optimize,괴짜 (Freak),지코 (ZICO),랩/힙합
https://cdnimg.melon.co.kr/cm2/album/images/108/02/694/10802694_20211203143302_500.jpg/melon/resize/120/quality/80/optimize,네가 없는 밤 (Feat. ASH ISLAND) (Prod. GRAY),BE'O (비오),랩/힙합
https://cdnimg.melon.co.kr/cm2/album/images/110/79/593/11079593_20221018162750_500.jpg/melon/resize/120/quality/80/optimize,Go Back,Jvcki Wai,랩/힙합
https://cdnimg.melon.co.kr/cm2/album/images/105/21/601/10521601_20201120125511_500.jpg/melon/resize/120/quality/80/optimize,VVS (Feat. JUSTHIS) (Prod. GroovyRoom),미란이 (Mirani),랩/힙합
https://cdnimg.melon.co.kr/cm2/album/images/107/65/081/10765081_20211105144652_500.jpg/melon/resize/120/quality/80/optimize,Wake Up (Prod. 코드 쿤스트),개코,랩/힙합
https://cdnimg.melon.co.kr/cm2/album/images/108/54/834/10854834_20220127205144_500.jpg/melon/resize/120/quality/80/optimize,"검정색하트 (Feat. Leellamarz, BE'O)",TOIL,랩/힙합
https://cdnimg.melon.co.kr/cm2/album/images/109/91/051/10991051_20220627102528_500.jpg/melon/resize/120/quality/80/optimize,Alone (Feat. 이하이),쿠기 (Coogie),랩/힙합
https://cdnimg.melon.co.kr/cm2/album/images/108/80/569/10880569_20220225143552_500.jpg/melon/resize/120/quality/80/optimize,존재만으로,원슈타인,랩/힙합
https://cdnimg.melon.co.kr/cm/album/images/021/37/275/2137275_500.jpg/melon/resize/120/quality/80/optimize,어땠을까 (Feat. 박정현),싸이 (PSY),랩/힙합
https://cdnimg.melon.co.kr/cm/album/images/009/35/651/935651_500.jpg/melon/resize/120/quality/80/optimize,죽을 만큼 아파서 (Feat. 멜로우),MC몽,랩/힙합
https://cdnimg.melon.co.kr/cm2/album/images/103/75/118/10375118_20200113150502_500.jpg/melon/resize/120/quality/80/optimize,아무노래,지코 (ZICO),랩/힙합
https://cdnimg.melon.co.kr/cm2/album/images/107/57/213/10757213_20211029111027_500.jpg/melon/resize/120/quality/80/optimize,낮 밤 (feat. 박재범),이영지,랩/힙합
https://cdnimg.melon.co.kr/cm2/album/images/110/78/852/11078852_20221017102947_500.jpg/melon/resize/120/quality/80/optimize,DARK (X-file),(여자)아이들,랩/힙합
https://cdnimg.melon.co.kr/cm2/album/images/110/62/850/11062850_20220923110720_500.jpg/melon/resize/120/quality/80/optimize,무덤 위에 소주를 부어줘,호미들,랩/힙합
https://cdnimg.melon.co.kr/cm/album/images/006/82/952/682952_500.jpg/melon/resize/120/quality/80/optimize,"헤어지지 못하는 여자, 떠나가지 못하는 남자 (Feat. 정인)",리쌍,랩/힙합
https://cdnimg.melon.co.kr/cm2/album/images/110/67/591/11067591_20220929100834_500.jpg/melon/resize/120/quality/80/optimize,LOVE me Remix (Feat. ASH ISLAND),BE'O (비오),랩/힙합
https://cdnimg.melon.co.kr/cm/album/images/003/55/853/355853_500.jpg/melon/resize/120/quality/80/optimize,거짓말,BIGBANG (빅뱅),랩/힙합
https://cdnimg.melon.co.kr/cm2/album/images/107/65/081/10765081_20211105144652_500.jpg/melon/resize/120/quality/80/optimize,쉬어 (Feat. MINO) (Prod. GRAY),아넌딜라이트(Anandelight),랩/힙합
https://cdnimg.melon.co.kr/cm2/album/images/110/45/985/11045985_20220905151107_500.jpg/melon/resize/120/quality/80/optimize,"100℃ (Prod. 기리보이, YEOHO) (Feat. YUNHWAY)",기리보이,랩/힙합
https://cdnimg.melon.co.kr/cm/album/images/101/17/789/10117789_500.jpg/melon/resize/120/quality/80/optimize,Downtown Baby,블루 (BLOO),랩/힙합
https://cdnimg.melon.co.kr/cm/album/images/101/76/415/10176415_500.jpg/melon/resize/120/quality/80/optimize,뚜두뚜두 (DDU-DU DDU-DU),BLACKPINK,랩/힙합
https://cdnimg.melon.co.kr/cm2/album/images/104/97/938/10497938_20200929112015_500.jpg/melon/resize/120/quality/80/optimize,우리서로사랑하지는말자,기리보이,랩/힙합
https://cdnimg.melon.co.kr/cm/album/images/011/96/552/1196552_500.jpg/melon/resize/120/quality/80/optimize,Officially Missing You,긱스 (Geeks),랩/힙합
https://cdnimg.melon.co.kr/cm/album/images/026/98/920/2698920_500.jpg/melon/resize/120/quality/80/optimize,아름다워,창모 (CHANGMO),랩/힙합
https://cdnimg.melon.co.kr/cm2/album/images/108/48/667/10848667_20220124140227_500.jpg/melon/resize/120/quality/80/optimize,Good Night (Feat. BE'O),쿠기 (Coogie),랩/힙합
https://cdnimg.melon.co.kr/cm/album/images/003/76/100/376100_500.jpg/melon/resize/120/quality/80/optimize,우산 (Feat. 윤하),에픽하이 (EPIK HIGH),랩/힙합
https://cdnimg.melon.co.kr/cm2/album/images/110/80/725/11080725_20221019154251_500.jpg/melon/resize/120/quality/80/optimize,향기,빈첸,랩/힙합
https://cdnimg.melon.co.kr/cm2/album/images/106/62/981/10662981_20210727155131_500.jpg/melon/resize/120/quality/80/optimize,너의 로맨스에 내 이름을 써줘 (Prod. IVY GROUND),104 (백사),랩/힙합
https://cdnimg.melon.co.kr/cm2/album/images/110/51/149/11051149_20220908140430_500.jpg/melon/resize/120/quality/80/optimize,City Lights (Feat. Hash Swan),릴러말즈 (Leellamarz),랩/힙합
https://cdnimg.melon.co.kr/cm2/album/images/105/50/860/10550860_20210121103121_500.jpg/melon/resize/120/quality/80/optimize,사임쌓임,Chin,랩/힙합
https://cdnimg.melon.co.kr/cm/album/images/003/92/870/392870_500.jpg/melon/resize/120/quality/80/optimize,하루 하루,BIGBANG (빅뱅),랩/힙합
https://cdnimg.melon.co.kr/cm2/album/images/107/93/912/10793912_20211126141422_500.jpg/melon/resize/120/quality/80/optimize,불협화음 (Feat. AKMU) (Prod. GRAY),Mudd the student,랩/힙합
https://cdnimg.melon.co.kr/cm/album/images/021/37/275/2137275_500.jpg/melon/resize/120/quality/80/optimize,뜨거운 안녕 (Feat. 성시경),싸이 (PSY),랩/힙합
https://cdnimg.melon.co.kr/cm2/album/images/105/29/161/10529161_20201204130014_500.jpg/melon/resize/120/quality/80/optimize,"내일이 오면 (Feat. 기리보이, BIG Naughty (서동현))",릴보이 (lIlBOI),랩/힙합
https://cdnimg.melon.co.kr/cm2/album/images/109/79/636/10979636_20220609175418_500.jpg/melon/resize/120/quality/80/optimize,달려라 방탄,방탄소년단,랩/힙합
https://cdnimg.melon.co.kr/cm2/album/images/110/45/985/11045985_20220905151107_500.jpg/melon/resize/120/quality/80/optimize,Sweaty (Prod. GRAY),GRAY (그레이),랩/힙합
https://cdnimg.melon.co.kr/cm/album/images/000/34/486/34486_500.jpg/melon/resize/120/quality/80/optimize,너에게 쓰는 편지 (Feat. 린),MC몽,랩/힙합
https://cdnimg.melon.co.kr/cm2/album/images/109/63/551/10963551_20220520121715_500.jpg/melon/resize/120/quality/80/optimize,엉덩이가 큰 그녀 (Feat. The Quiett),릴러말즈 (Leellamarz),랩/힙합
https://cdnimg.melon.co.kr/cm2/album/images/110/33/394/11033394_20220916124707_500.jpg/melon/resize/120/quality/80/optimize,Typa Girl,BLACKPINK,랩/힙합
https://cdnimg.melon.co.kr/cm2/album/images/109/63/551/10963551_20220520121715_500.jpg/melon/resize/120/quality/80/optimize,하지마,릴러말즈 (Leellamarz),랩/힙합
https://cdnimg.melon.co.kr/cm2/album/images/105/21/521/10521521_20201120112220_500.jpg/melon/resize/120/quality/80/optimize,Life Goes On,방탄소년단,랩/힙합
https://cdnimg.melon.co.kr/cm/album/images/020/89/047/2089047_500.jpg/melon/resize/120/quality/80/optimize,자니 (Feat. Dynamic Duo),프라이머리,랩/힙합
https://cdnimg.melon.co.kr/cm2/album/images/108/84/990/10884990_20220304112004_500.jpg/melon/resize/120/quality/80/optimize,SMF (Prod. Czaer),창모 (CHANGMO),랩/힙합
https://cdnimg.melon.co.kr/cm2/album/images/108/12/272/10812272_20211214143257_500.jpg/melon/resize/120/quality/80/optimize,OUT OF MY SIGHT,릴러말즈 (Leellamarz),랩/힙합
https://cdnimg.melon.co.kr/cm/album/images/102/65/005/10265005_500.jpg/melon/resize/120/quality/80/optimize,Paranoid,ASH ISLAND,랩/힙합
https://cdnimg.melon.co.kr/cm/album/images/006/84/955/684955_500.jpg/melon/resize/120/quality/80/optimize,죽일 놈 (Guilty),다이나믹 듀오,랩/힙합
https://cdnimg.melon.co.kr/cm2/album/images/105/70/155/10570155_20210225102518_500.jpg/melon/resize/120/quality/80/optimize,Joker (Feat. JAMIE),BIG Naughty (서동현),랩/힙합
https://cdnimg.melon.co.kr/cm/album/images/102/71/429/10271429_500.jpg/melon/resize/120/quality/80/optimize,악몽,ASH ISLAND,랩/힙합
https://cdnimg.melon.co.kr/cm2/album/images/110/67/591/11067591_20220929100834_500.jpg/melon/resize/120/quality/80/optimize,"Brunch (Feat. 원슈타인, 시온)",BE'O (비오),랩/힙합
https://cdnimg.melon.co.kr/cm/album/images/010/44/555/1044555_500.jpg/melon/resize/120/quality/80/optimize,예술이야,싸이 (PSY),랩/힙합
https://cdnimg.melon.co.kr/cm2/album/images/106/39/807/10639807_20210629105502_500.jpg/melon/resize/120/quality/80/optimize,비 오는 날 듣기 좋은 노래 (Feat. Colde),에픽하이 (EPIK HIGH),랩/힙합
https://cdnimg.melon.co.kr/cm2/album/images/104/30/249/10430249_20200514103558_500.jpg/melon/resize/120/quality/80/optimize,사이렌,호미들,랩/힙합
https://cdnimg.melon.co.kr/cm2/album/images/108/49/216/10849216_20220124182904_500.jpg/melon/resize/120/quality/80/optimize,Because,ASH ISLAND,랩/힙합
https://cdnimg.melon.co.kr/cm/album/images/004/05/351/405351_500.jpg/melon/resize/120/quality/80/optimize,붉은 노을,BIGBANG (빅뱅),랩/힙합
https://cdnimg.melon.co.kr/cm/album/images/000/35/102/35102_500.jpg/melon/resize/120/quality/80/optimize,Y (Please Tell Me Why),프리스타일,랩/힙합
https://cdnimg.melon.co.kr/cm/album/images/026/88/360/2688360_500.jpg/melon/resize/120/quality/80/optimize,"And July (Feat. DEAN, DJ Friz)",헤이즈 (Heize),랩/힙합
https://cdnimg.melon.co.kr/cm2/album/images/110/56/832/11056832_20220915150210_500.jpg/melon/resize/120/quality/80/optimize,윤슬 (Gold Dust),NCT 127,랩/힙합
https://cdnimg.melon.co.kr/cm/album/images/101/32/945/10132945_500.jpg/melon/resize/120/quality/80/optimize,사랑을 했다 (LOVE SCENARIO),iKON,랩/힙합
https://cdnimg.melon.co.kr/cm2/album/images/110/78/313/11078313_20221014134130_500.jpg/melon/resize/120/quality/80/optimize,Ex,릴러말즈 (Leellamarz),랩/힙합
https://cdnimg.melon.co.kr/cm/album/images/022/88/687/2288687_500.jpg/melon/resize/120/quality/80/optimize,내 생애 가장 행복한 시간 (Feat. 허각),MC몽,랩/힙합
https://cdnimg.melon.co.kr/cm/album/images/023/20/014/2320014_500.jpg/melon/resize/120/quality/80/optimize,몸매 (MOMMAE) (Feat. Ugly Duck),박재범,랩/힙합
https://cdnimg.melon.co.kr/cm2/album/images/105/74/045/10574045_20210305142045_500.jpg/melon/resize/120/quality/80/optimize,Beautiful (Feat. Skinny Brown),ASH ISLAND,랩/힙합
https://cdnimg.melon.co.kr/cm2/album/images/109/63/551/10963551_20220520121715_500.jpg/melon/resize/120/quality/80/optimize,끝나지 않은 얘기 (Feat. 다이나믹 듀오),릴러말즈 (Leellamarz),랩/힙합
https://cdnimg.melon.co.kr/cm/album/images/023/12/287/2312287_500.jpg/melon/resize/120/quality/80/optimize,우연히 봄,로꼬,랩/힙합
https://cdnimg.melon.co.kr/cm2/album/images/109/95/224/10995224_20220701103349_500.jpg/melon/resize/120/quality/80/optimize,"할 것 Remix (with Chin, Uneducated Kid, Paul Blanco)",Royal 44,랩/힙합
https://cdnimg.melon.co.kr/cm2/album/images/110/45/985/11045985_20220905151107_500.jpg/melon/resize/120/quality/80/optimize,"Whistle (Prod. GroovyRoom) (Feat. 식케이, 미란이)",그루비룸 (GroovyRoom),랩/힙합
https://cdnimg.melon.co.kr/cm2/album/images/103/73/988/10373988_20200109140720_500.jpg/melon/resize/120/quality/80/optimize,Nerdy Love (Feat. 백예린),pH-1,랩/힙합
https://cdnimg.melon.co.kr/cm/album/images/102/70/288/10270288_500.jpg/melon/resize/120/quality/80/optimize,Kill This Love,BLACKPINK,랩/힙합
https://cdnimg.melon.co.kr/cm/album/images/003/51/473/351473_500.jpg/melon/resize/120/quality/80/optimize,Ballerino,리쌍,랩/힙합
https://cdnimg.melon.co.kr/cm2/album/images/110/62/364/11062364_20220922182518_500.jpg/melon/resize/120/quality/80/optimize,Rush Hour (Feat. j-hope of BTS),Crush,R&B/Soul
https://cdnimg.melon.co.kr/cm2/album/images/110/63/205/11063205_20220923155512_500.jpg/melon/resize/120/quality/80/optimize,딱 10CM만,10CM,R&B/Soul
https://cdnimg.melon.co.kr/cm2/album/images/110/00/171/11000171_20220708163659_500.jpg/melon/resize/120/quality/80/optimize,보고싶었어,WSG워너비 (4FIRE),R&B/Soul
https://cdnimg.melon.co.kr/cm2/album/images/109/25/762/10925762_20220419152007_500.jpg/melon/resize/120/quality/80/optimize,정이라고 하자 (Feat. 10CM),BIG Naughty (서동현),R&B/Soul
https://cdnimg.melon.co.kr/cm2/album/images/108/89/981/10889981_20220311110820_500.jpg/melon/resize/120/quality/80/optimize,GANADARA (Feat. 아이유),박재범,R&B/Soul
https://cdnimg.melon.co.kr/cm2/album/images/107/16/399/10716399_20210916173429_500.jpg/melon/resize/120/quality/80/optimize,너를 생각해,주시크 (Joosiq),"R&B/Soul, 인디음악"
https://cdnimg.melon.co.kr/cm2/album/images/109/03/658/10903658_20220329185034_500.jpg/melon/resize/120/quality/80/optimize,아무래도 난,주시크 (Joosiq),"R&B/Soul, 인디음악"
https://cdnimg.melon.co.kr/cm2/album/images/107/16/174/10716174_20210916153439_500.jpg/melon/resize/120/quality/80/optimize,찰나가 영원이 될 때 (The Eternal Moment),마크툽 (MAKTUB),"R&B/Soul, 인디음악"
https://cdnimg.melon.co.kr/cm/album/images/102/94/603/10294603_500.jpg/melon/resize/120/quality/80/optimize,오늘도 빛나는 너에게 (To You My Light) (Feat.이라온),마크툽 (MAKTUB),"R&B/Soul, 인디음악"
https://cdnimg.melon.co.kr/cm2/album/images/106/11/845/10611845_20210520170350_500.jpg/melon/resize/120/quality/80/optimize,헤픈 우연,헤이즈 (Heize),R&B/Soul
https://cdnimg.melon.co.kr/cm2/album/images/109/79/115/10979115_20220609103712_500.jpg/melon/resize/120/quality/80/optimize,"낭만교향곡 (Feat. CHANGMO, 박재범)",BIG Naughty (서동현),R&B/Soul
https://cdnimg.melon.co.kr/cm2/album/images/108/31/660/10831660_20220104151636_500.jpg/melon/resize/120/quality/80/optimize,Beige coat,그리즐리 (Grizzly),"R&B/Soul, 인디음악"
https://cdnimg.melon.co.kr/cm2/album/images/110/78/852/11078852_20221017102947_500.jpg/melon/resize/120/quality/80/optimize,Change,(여자)아이들,R&B/Soul
https://cdnimg.melon.co.kr/cm2/album/images/109/41/011/10941011_20220503153950_500.jpg/melon/resize/120/quality/80/optimize,Vancouver,BIG Naughty (서동현),R&B/Soul
https://cdnimg.melon.co.kr/cm/album/images/021/50/856/2150856_500.jpg/melon/resize/120/quality/80/optimize,바람기억,나얼,R&B/Soul
https://cdnimg.melon.co.kr/cm2/album/images/110/11/565/11011565_20220801102637_500.jpg/melon/resize/120/quality/80/optimize,Hurt,NewJeans,R&B/Soul
https://cdnimg.melon.co.kr/cm2/album/images/105/40/298/10540298_20201229150823_500.jpg/melon/resize/120/quality/80/optimize,밝게 빛나는 별이 되어 비춰줄게,송이한,R&B/Soul
https://cdnimg.melon.co.kr/cm2/album/images/110/78/313/11078313_20221014134130_500.jpg/melon/resize/120/quality/80/optimize,Number (Feat. BIG Naughty (서동현)),릴러말즈 (Leellamarz),R&B/Soul
https://cdnimg.melon.co.kr/cm2/album/images/109/99/428/10999428_20220718113528_500.jpg/melon/resize/120/quality/80/optimize,_WORLD,세븐틴,R&B/Soul
https://cdnimg.melon.co.kr/cm2/album/images/103/62/776/10362776_20191210144641_500.jpg/melon/resize/120/quality/80/optimize,Square (2017),백예린 (Yerin Baek),R&B/Soul
https://cdnimg.melon.co.kr/cm/album/images/100/74/454/10074454_500.jpg/melon/resize/120/quality/80/optimize,비도 오고 그래서 (Feat. 신용재),헤이즈 (Heize),R&B/Soul
https://cdnimg.melon.co.kr/cm/album/images/100/08/163/10008163_500.jpg/melon/resize/120/quality/80/optimize,"All I Wanna Do (K) (Feat. Hoody, Loco)",박재범,R&B/Soul
https://cdnimg.melon.co.kr/cm/album/images/026/92/501/2692501_500.jpg/melon/resize/120/quality/80/optimize,비,폴킴,R&B/Soul
https://cdnimg.melon.co.kr/cm2/album/images/110/52/487/11052487_20220913181742_500.jpg/melon/resize/120/quality/80/optimize,Braindead,시온,R&B/Soul
https://cdnimg.melon.co.kr/cm2/album/images/106/19/981/10619981_20210604120500_500.jpg/melon/resize/120/quality/80/optimize,"하나,둘 (Feat. 펀치 (Punch))",김승민,R&B/Soul
https://cdnimg.melon.co.kr/cm/album/images/101/23/639/10123639_500.jpg/melon/resize/120/quality/80/optimize,미안해,양다일,R&B/Soul
https://cdnimg.melon.co.kr/cm/album/images/100/24/106/10024106_500.jpg/melon/resize/120/quality/80/optimize,Beautiful,Crush,R&B/Soul
https://cdnimg.melon.co.kr/cm2/album/images/110/78/496/11078496_20221014153848_500.jpg/melon/resize/120/quality/80/optimize,Impurities,LE SSERAFIM (르세라핌),R&B/Soul
https://cdnimg.melon.co.kr/cm2/album/images/110/82/361/11082361_20221020181457_500.jpg/melon/resize/120/quality/80/optimize,Love Song,원슈타인,R&B/Soul
https://cdnimg.melon.co.kr/cm/album/images/000/34/289/34289_500.jpg/melon/resize/120/quality/80/optimize,...사랑했잖아...,린,R&B/Soul
https://cdnimg.melon.co.kr/cm/album/images/000/47/037/47037_500.jpg/melon/resize/120/quality/80/optimize,귀로,나얼,R&B/Soul
https://cdnimg.melon.co.kr/cm/album/images/100/56/666/10056666_500.jpg/melon/resize/120/quality/80/optimize,팔레트 (Feat. G-DRAGON),아이유,R&B/Soul
https://cdnimg.melon.co.kr/cm2/album/images/110/64/950/11064950_20221024112853_500.jpg/melon/resize/120/quality/80/optimize,가면무도회,비비 (BIBI),R&B/Soul
https://cdnimg.melon.co.kr/cm/album/images/026/92/170/2692170_500.jpg/melon/resize/120/quality/80/optimize,Bye bye my blue,백예린 (Yerin Baek),R&B/Soul
https://cdnimg.melon.co.kr/cm/album/images/026/63/424/2663424_500.jpg/melon/resize/120/quality/80/optimize,잊어버리지마 (Feat. 태연),Crush,R&B/Soul
https://cdnimg.melon.co.kr/cm2/album/images/103/64/036/10364036_20191212141529_500.jpg/melon/resize/120/quality/80/optimize,도망가자 (Run With Me),선우정아,R&B/Soul
https://cdnimg.melon.co.kr/cm/album/images/003/32/658/332658_500.jpg/melon/resize/120/quality/80/optimize,내사람,SG 워너비,R&B/Soul
https://cdnimg.melon.co.kr/cm/album/images/102/62/378/10262378_500.jpg/melon/resize/120/quality/80/optimize,그건 아마 우리의 잘못은 아닐 거야,백예린 (Yerin Baek),R&B/Soul
https://cdnimg.melon.co.kr/cm/album/images/000/27/516/27516_500.jpg/melon/resize/120/quality/80/optimize,체념,빅마마,R&B/Soul
https://cdnimg.melon.co.kr/cm/album/images/100/69/644/10069644_500.jpg/melon/resize/120/quality/80/optimize,"무제(無題) (Untitled, 2014)",G-DRAGON,R&B/Soul
https://cdnimg.melon.co.kr/cm/album/images/100/06/417/10006417_500.jpg/melon/resize/120/quality/80/optimize,어떻게 지내,Crush,R&B/Soul
https://cdnimg.melon.co.kr/cm2/album/images/108/54/597/10854597_20220127181920_500.jpg/melon/resize/120/quality/80/optimize,2 O' CLOCK,dori,R&B/Soul
https://cdnimg.melon.co.kr/cm/album/images/026/71/866/2671866_500.jpg/melon/resize/120/quality/80/optimize,한숨,이하이,R&B/Soul
https://cdnimg.melon.co.kr/cm/album/images/101/11/920/10111920_500.jpg/melon/resize/120/quality/80/optimize,Boat,죠지,R&B/Soul
https://cdnimg.melon.co.kr/cm/album/images/102/10/535/10210535_500.jpg/melon/resize/120/quality/80/optimize,삐삐,아이유,R&B/Soul
https://cdnimg.melon.co.kr/cm/album/images/026/74/623/2674623_500.jpg/melon/resize/120/quality/80/optimize,D (half moon) (Feat. 개코),DEAN,R&B/Soul
https://cdnimg.melon.co.kr/cm/album/images/000/02/393/2393_500.jpg/melon/resize/120/quality/80/optimize,벌써 일년,브라운 아이즈,R&B/Soul
https://cdnimg.melon.co.kr/cm/album/images/101/08/597/10108597_500.jpg/melon/resize/120/quality/80/optimize,"그때의 나, 그때의 우리",어반자카파,R&B/Soul
https://cdnimg.melon.co.kr/cm/album/images/100/52/968/10052968_500.jpg/melon/resize/120/quality/80/optimize,사랑이 잘 (With 오혁),아이유,R&B/Soul
https://cdnimg.melon.co.kr/cm2/album/images/110/43/153/11043153_20221014135732_500.jpg/melon/resize/120/quality/80/optimize,너를 부르는 바람 (A Pining Wind),마크툽 (MAKTUB),R&B/Soul
https://cdnimg.melon.co.kr/cm/album/images/101/22/929/10122929_500.jpg/melon/resize/120/quality/80/optimize,instagram,DEAN,R&B/Soul
https://cdnimg.melon.co.kr/cm2/album/images/109/93/721/10993721_20220629114339_500.jpg/melon/resize/120/quality/80/optimize,없었던 일로,헤이즈 (Heize),R&B/Soul
https://cdnimg.melon.co.kr/cm2/album/images/110/78/891/11078891_20221018102054_500.jpg/melon/resize/120/quality/80/optimize,우리 다투게 돼도 이것만 기억해 줄래 눈을 맞추고 서로가 서로의 손잡아 주며 낮은 목소리와 예쁜 말투로 상처 주지 않게 노력을 하고 ●,그리즐리 (Grizzly),R&B/Soul
https://cdnimg.melon.co.kr/cm2/album/images/105/54/246/10554246_20210325161233_500.jpg/melon/resize/120/quality/80/optimize,Coin,아이유,R&B/Soul
https://cdnimg.melon.co.kr/cm/album/images/000/26/396/26396_500.jpg/melon/resize/120/quality/80/optimize,친구라도 될 걸 그랬어,거미,R&B/Soul
https://cdnimg.melon.co.kr/cm/album/images/101/08/359/10108359_500.jpg/melon/resize/120/quality/80/optimize,RIDE (Feat. THAMA),SOLE (쏠),R&B/Soul
https://cdnimg.melon.co.kr/cm/album/images/103/01/811/10301811_500.jpg/melon/resize/120/quality/80/optimize,괜찮아도 괜찮아 (That's okay),디오 (D.O.),R&B/Soul
https://cdnimg.melon.co.kr/cm2/album/images/110/78/313/11078313_20221014134130_500.jpg/melon/resize/120/quality/80/optimize,불편해 (Feat. Gist),릴러말즈 (Leellamarz),R&B/Soul
https://cdnimg.melon.co.kr/cm2/album/images/110/32/811/11032811_20220818151200_500.jpg/melon/resize/120/quality/80/optimize,연애의 발명 (웹툰 '연애의 발견' X BIG Naughty (서동현)),BIG Naughty (서동현),R&B/Soul
https://cdnimg.melon.co.kr/cm2/album/images/110/67/591/11067591_20220929100834_500.jpg/melon/resize/120/quality/80/optimize,줄 (Feat. 권진아),BE'O (비오),R&B/Soul
https://cdnimg.melon.co.kr/cm/album/images/101/00/577/10100577_500.jpg/melon/resize/120/quality/80/optimize,밤이 되니까,펀치 (Punch),R&B/Soul
https://cdnimg.melon.co.kr/cm/album/images/100/20/656/10020656_500.jpg/melon/resize/120/quality/80/optimize,저 별,헤이즈 (Heize),R&B/Soul
https://cdnimg.melon.co.kr/cm2/album/images/109/01/349/10901349_20220328124314_500.jpg/melon/resize/120/quality/80/optimize,북극성 (Never Goodbye),NCT DREAM,R&B/Soul
https://cdnimg.melon.co.kr/cm2/album/images/104/65/994/10465994_20200723160043_500.jpg/melon/resize/120/quality/80/optimize,홀로,이하이,R&B/Soul
https://cdnimg.melon.co.kr/cm2/album/images/104/86/085/10486085_20200904134735_500.jpg/melon/resize/120/quality/80/optimize,별을 담은 시 (Ode To The Stars),마크툽 (MAKTUB),R&B/Soul
https://cdnimg.melon.co.kr/cm/album/images/000/32/695/32695_500.jpg/melon/resize/120/quality/80/optimize,정말 사랑했을까,브라운 아이드 소울,R&B/Soul
https://cdnimg.melon.co.kr/cm2/album/images/103/62/776/10362776_20191210144641_500.jpg/melon/resize/120/quality/80/optimize,0310,백예린 (Yerin Baek),R&B/Soul
https://cdnimg.melon.co.kr/cm/album/images/102/52/289/10252289_500.jpg/melon/resize/120/quality/80/optimize,"Can I Love ? (Feat. 유라(youra), Meego)",Cosmic Boy,R&B/Soul
https://cdnimg.melon.co.kr/cm/album/images/100/58/598/10058598_500.jpg/melon/resize/120/quality/80/optimize,오늘 취하면 (Feat. 창모) (Prod. SUGA),SURAN (수란),R&B/Soul
https://cdnimg.melon.co.kr/cm2/album/images/107/10/121/10710121_20210909173059_500.jpg/melon/resize/120/quality/80/optimize,PADO,비비 (BIBI),R&B/Soul
https://cdnimg.melon.co.kr/cm/album/images/101/47/314/10147314_500.jpg/melon/resize/120/quality/80/optimize,꽃 길,BIGBANG (빅뱅),R&B/Soul
https://cdnimg.melon.co.kr/cm2/album/images/109/79/636/10979636_20220609175418_500.jpg/melon/resize/120/quality/80/optimize,For Youth,방탄소년단,R&B/Soul
https://cdnimg.melon.co.kr/cm/album/images/026/44/221/2644221_500.jpg/melon/resize/120/quality/80/optimize,No Make Up,Zion.T,R&B/Soul
https://cdnimg.melon.co.kr/cm2/album/images/110/23/561/11023561_20220805135138_500.jpg/melon/resize/120/quality/80/optimize,여름 밤에 쓴 노래 (with MVP) (Prod. BIG Naughty (서동현)),BIG Naughty (서동현),R&B/Soul
https://cdnimg.melon.co.kr/cm/album/images/003/28/509/328509_500.jpg/melon/resize/120/quality/80/optimize,연,빅마마,R&B/Soul
https://cdnimg.melon.co.kr/cm2/album/images/109/41/011/10941011_20220503153950_500.jpg/melon/resize/120/quality/80/optimize,Lovey Dovey (Feat. meenoi),BIG Naughty (서동현),R&B/Soul
https://cdnimg.melon.co.kr/cm/album/images/102/73/641/10273641_500.jpg/melon/resize/120/quality/80/optimize,소우주 (Mikrokosmos),방탄소년단,R&B/Soul
https://cdnimg.melon.co.kr/cm/album/images/026/60/715/2660715_500.jpg/melon/resize/120/quality/80/optimize,Dream (Prod. by 박근태),수지 (Suzy),R&B/Soul
https://cdnimg.melon.co.kr/cm2/album/images/103/37/649/10337649_500.jpg/melon/resize/120/quality/80/optimize,떨어지는 낙엽까지도,헤이즈 (Heize),R&B/Soul
https://cdnimg.melon.co.kr/cm/album/images/026/53/573/2653573_500.jpg/melon/resize/120/quality/80/optimize,우주를 건너,백예린 (Yerin Baek),R&B/Soul
https://cdnimg.melon.co.kr/cm2/album/images/105/34/079/10534079_20201215114038_500.jpg/melon/resize/120/quality/80/optimize,What Do I Call You,태연 (TAEYEON),R&B/Soul
https://cdnimg.melon.co.kr/cm2/album/images/103/69/830/10369830_20191230105943_500.jpg/melon/resize/120/quality/80/optimize,마음이 말하는 행복 (Happiness) (Feat.이라온),마크툽 (MAKTUB),R&B/Soul
https://cdnimg.melon.co.kr/cm/album/images/023/02/870/2302870_500.jpg/melon/resize/120/quality/80/optimize,같은 시간 속의 너,나얼,R&B/Soul
https://cdnimg.melon.co.kr/cm2/album/images/110/56/832/11056832_20220915150210_500.jpg/melon/resize/120/quality/80/optimize,Designer,NCT 127,R&B/Soul
https://cdnimg.melon.co.kr/cm/album/images/022/30/890/2230890_500.jpg/melon/resize/120/quality/80/optimize,썸 (Feat. 릴보이 Of 긱스),소유 (SOYOU),R&B/Soul
https://cdnimg.melon.co.kr/cm/album/images/023/27/886/2327886_500.jpg/melon/resize/120/quality/80/optimize,Oasis (Feat. ZICO),Crush,R&B/Soul
https://cdnimg.melon.co.kr/cm2/album/images/109/90/636/10990636_20220624131648_500.jpg/melon/resize/120/quality/80/optimize,바다 가자,로지(ROZY),R&B/Soul
https://cdnimg.melon.co.kr/cm2/album/images/108/37/317/10837317_20220110145758_500.jpg/melon/resize/120/quality/80/optimize,Polaroid Love,ENHYPEN,R&B/Soul
https://cdnimg.melon.co.kr/cm/album/images/027/05/941/2705941_500.jpg/melon/resize/120/quality/80/optimize,목요일 밤 (Feat. 빈지노),어반자카파,R&B/Soul
https://cdnimg.melon.co.kr/cm2/album/images/110/86/642/11086642_20221026113029_500.jpg/melon/resize/120/quality/80/optimize,그만큼만,meenoi (미노이),R&B/Soul
https://cdnimg.melon.co.kr/cm/album/images/021/81/104/2181104_500.jpg/melon/resize/120/quality/80/optimize,좋아 (JOAH),박재범,R&B/Soul
https://cdnimg.melon.co.kr/cm2/album/images/104/93/056/10493056_20200921115407_500.jpg/melon/resize/120/quality/80/optimize,MOVIE,JUNNY (주니),R&B/Soul
https://cdnimg.melon.co.kr/cm/album/images/000/33/000/33000_500.jpg/melon/resize/120/quality/80/optimize,그런 일은,박화요비,R&B/Soul
https://cdnimg.melon.co.kr/cm/album/images/027/05/644/2705644_500.jpg/melon/resize/120/quality/80/optimize,너를 위해,첸 (CHEN),R&B/Soul
https://cdnimg.melon.co.kr/cm2/album/images/110/56/832/11056832_20220915150210_500.jpg/melon/resize/120/quality/80/optimize,흑백 영화 (Black Clouds),NCT 127,R&B/Soul
https://cdnimg.melon.co.kr/cm2/album/images/106/25/613/10625613_20210611101926_500.jpg/melon/resize/120/quality/80/optimize,적당히,clo,R&B/Soul
https://cdnimg.melon.co.kr/cm/album/images/102/50/848/10250848_500.jpg/melon/resize/120/quality/80/optimize,니가 돌아올 희망은 없다는 걸 알아,경제환,R&B/Soul
https://cdnimg.melon.co.kr/cm/album/images/022/59/140/2259140_500.jpg/melon/resize/120/quality/80/optimize,"눈, 코, 입",태양,R&B/Soul
https://cdnimg.melon.co.kr/cm/album/images/003/52/513/352513_500.jpg/melon/resize/120/quality/80/optimize,벌써일년,브라운 아이즈,R&B/Soul
https://cdnimg.melon.co.kr/cm/album/images/000/35/501/35501_500.jpg/melon/resize/120/quality/80/optimize,날 그만 잊어요,거미,R&B/Soul
https://cdnimg.melon.co.kr/cm2/album/images/109/95/477/10995477_20220701165440_500.jpg/melon/resize/120/quality/80/optimize,그라데이션,10CM,"인디음악, 포크/블루스"
https://cdnimg.melon.co.kr/cm2/album/images/109/75/276/10975276_20220603165713_500.jpg/melon/resize/120/quality/80/optimize,해요 (2022),#안녕,"발라드, 인디음악"
https://cdnimg.melon.co.kr/cm2/album/images/109/26/502/10926502_20220420071020_500.jpg/melon/resize/120/quality/80/optimize,Love story,볼빨간사춘기,"인디음악, 포크/블루스"
https://cdnimg.melon.co.kr/cm/album/images/102/60/858/10260858_500.jpg/melon/resize/120/quality/80/optimize,주저하는 연인들을 위해,잔나비,"인디음악, 록/메탈"
https://cdnimg.melon.co.kr/cm2/album/images/107/16/399/10716399_20210916173429_500.jpg/melon/resize/120/quality/80/optimize,너를 생각해,주시크 (Joosiq),"R&B/Soul, 인디음악"
https://cdnimg.melon.co.kr/cm2/album/images/109/03/658/10903658_20220329185034_500.jpg/melon/resize/120/quality/80/optimize,아무래도 난,주시크 (Joosiq),"R&B/Soul, 인디음악"
https://cdnimg.melon.co.kr/cm/album/images/102/10/149/10210149_500.jpg/melon/resize/120/quality/80/optimize,첫사랑,백아,"인디음악, 포크/블루스"
https://cdnimg.melon.co.kr/cm2/album/images/105/14/407/10514407_20201105153840_500.jpg/melon/resize/120/quality/80/optimize,가을밤에 든 생각,잔나비,"인디음악, 록/메탈"
https://cdnimg.melon.co.kr/cm2/album/images/109/80/018/10980018_20220610121447_500.jpg/melon/resize/120/quality/80/optimize,고백하는 취한밤에 (Prod. 2soo),임재현,"발라드, 인디음악"
https://cdnimg.melon.co.kr/cm2/album/images/106/95/590/10695590_20210827162225_500.jpg/melon/resize/120/quality/80/optimize,고백,멜로망스,인디음악
https://cdnimg.melon.co.kr/cm/album/images/021/48/596/2148596_500.jpg/melon/resize/120/quality/80/optimize,오래된 노래,스탠딩 에그,"인디음악, 포크/블루스"
https://cdnimg.melon.co.kr/cm2/album/images/107/16/174/10716174_20210916153439_500.jpg/melon/resize/120/quality/80/optimize,찰나가 영원이 될 때 (The Eternal Moment),마크툽 (MAKTUB),"R&B/Soul, 인디음악"
https://cdnimg.melon.co.kr/cm2/album/images/110/52/796/11052796_20220913151720_500.jpg/melon/resize/120/quality/80/optimize,달,스트레이 (The Stray),"발라드, 인디음악"
https://cdnimg.melon.co.kr/cm/album/images/027/02/242/2702242_500.jpg/melon/resize/120/quality/80/optimize,뜨거운 여름밤은 가고 남은 건 볼품없지만,잔나비,"인디음악, 록/메탈"
https://cdnimg.melon.co.kr/cm/album/images/100/78/176/10078176_500.jpg/melon/resize/120/quality/80/optimize,선물,멜로망스,"발라드, 인디음악"
https://cdnimg.melon.co.kr/cm/album/images/022/78/294/2278294_500.jpg/melon/resize/120/quality/80/optimize,사랑하긴 했었나요 스쳐가는 인연이었나요 짧지않은 우리 함께했던 시간들이 자꾸 내 마음을 가둬두네,잔나비,"인디음악, 록/메탈"
https://cdnimg.melon.co.kr/cm2/album/images/105/07/546/10507546_20201022162417_500.jpg/melon/resize/120/quality/80/optimize,나랑 같이 걸을래 (바른연애 길잡이 X 적재),적재,"발라드, 인디음악"
https://cdnimg.melon.co.kr/cm2/album/images/108/31/660/10831660_20220104151636_500.jpg/melon/resize/120/quality/80/optimize,Beige coat,그리즐리 (Grizzly),인디음악
https://cdnimg.melon.co.kr/cm2/album/images/103/59/126/10359126_500.jpg/melon/resize/120/quality/80/optimize,너의 번호를 누르고 (Prod. 영화처럼),#안녕,"발라드, 인디음악"
https://cdnimg.melon.co.kr/cm2/album/images/103/99/190/10399190_20200305151138_500.jpg/melon/resize/120/quality/80/optimize,어떻게 지내 (Prod. By VAN.C),오반,인디음악
https://cdnimg.melon.co.kr/cm/album/images/022/90/452/2290452_500.jpg/melon/resize/120/quality/80/optimize,스토커,10CM,인디음악
https://cdnimg.melon.co.kr/cm/album/images/100/44/071/10044071_500.jpg/melon/resize/120/quality/80/optimize,별 보러 가자,적재,인디음악
https://cdnimg.melon.co.kr/cm/album/images/101/79/508/10179508_500.jpg/melon/resize/120/quality/80/optimize,Way Back Home,숀 (SHAUN),인디음악
https://cdnimg.melon.co.kr/cm/album/images/101/70/069/10170069_500.jpg/melon/resize/120/quality/80/optimize,여행,볼빨간사춘기,인디음악
https://cdnimg.melon.co.kr/cm/album/images/020/38/488/2038488_500.jpg/melon/resize/120/quality/80/optimize,안아줘,정준일,인디음악
https://cdnimg.melon.co.kr/cm2/album/images/110/81/512/11081512_20221024112022_500.jpg/melon/resize/120/quality/80/optimize,이별도 쉽게 못하고 (부제 : 사랑을 말할 수 없다),#안녕,인디음악
https://cdnimg.melon.co.kr/cm/album/images/027/07/131/2707131_500.jpg/melon/resize/120/quality/80/optimize,우주를 줄게,볼빨간사춘기,인디음악
https://cdnimg.melon.co.kr/cm/album/images/103/13/133/10313133_500.jpg/melon/resize/120/quality/80/optimize,서툰 이별을 하려해 (Feat.전상근),윤토벤,인디음악
https://cdnimg.melon.co.kr/cm/album/images/100/93/077/10093077_500.jpg/melon/resize/120/quality/80/optimize,폰서트,10CM,인디음악
https://cdnimg.melon.co.kr/cm/album/images/026/71/475/2671475_500.jpg/melon/resize/120/quality/80/optimize,"너, 너",스트레이 (The Stray),인디음악
https://cdnimg.melon.co.kr/cm2/album/images/109/26/502/10926502_20220420071020_500.jpg/melon/resize/120/quality/80/optimize,Seoul,볼빨간사춘기,인디음악
https://cdnimg.melon.co.kr/cm/album/images/100/93/774/10093774_500.jpg/melon/resize/120/quality/80/optimize,She (Hidden Track No.V 1월 선정곡),잔나비,인디음악
https://cdnimg.melon.co.kr/cm/album/images/101/17/789/10117789_500.jpg/melon/resize/120/quality/80/optimize,Downtown Baby,블루 (BLOO),인디음악
https://cdnimg.melon.co.kr/cm2/album/images/106/62/981/10662981_20210727155131_500.jpg/melon/resize/120/quality/80/optimize,너의 로맨스에 내 이름을 써줘 (Prod. IVY GROUND),104 (백사),인디음악
https://cdnimg.melon.co.kr/cm2/album/images/103/31/499/10331499_500.jpg/melon/resize/120/quality/80/optimize,조금 취했어 (Prod. 2soo),임재현,인디음악
https://cdnimg.melon.co.kr/cm/album/images/102/71/978/10271978_500.jpg/melon/resize/120/quality/80/optimize,yours,데이먼스 이어 (Damons year),인디음악
https://cdnimg.melon.co.kr/cm2/album/images/107/51/242/10751242_20211025165940_500.jpg/melon/resize/120/quality/80/optimize,너는 내 세상이었어,볼빨간사춘기,인디음악
https://cdnimg.melon.co.kr/cm/album/images/100/70/846/10070846_500.jpg/melon/resize/120/quality/80/optimize,남이 될 수 있을까,볼빨간사춘기,인디음악
https://cdnimg.melon.co.kr/cm/album/images/026/64/662/2664662_500.jpg/melon/resize/120/quality/80/optimize,EVERYTHING,검정치마,인디음악
https://cdnimg.melon.co.kr/cm/album/images/026/76/167/2676167_500.jpg/melon/resize/120/quality/80/optimize,꿈속에 너 (Feat. 전상근),에이치코드 (H:CODE),인디음악
https://cdnimg.melon.co.kr/cm2/album/images/104/25/277/10425277_20200504103213_500.jpg/melon/resize/120/quality/80/optimize,서면역에서,순순희,인디음악
https://cdnimg.melon.co.kr/cm/album/images/023/18/247/2318247_500.jpg/melon/resize/120/quality/80/optimize,Madeleine Love,CHEEZE (치즈),인디음악
https://cdnimg.melon.co.kr/cm/album/images/000/29/678/29678_500.jpg/melon/resize/120/quality/80/optimize,고백,델리스파이스,인디음악
https://cdnimg.melon.co.kr/cm/album/images/100/24/816/10024816_500.jpg/melon/resize/120/quality/80/optimize,좋다고 말해,볼빨간사춘기,인디음악
https://cdnimg.melon.co.kr/cm2/album/images/106/61/149/10661149_20210723152034_500.jpg/melon/resize/120/quality/80/optimize,널 떠올리는 중이야,PATEKO (파테코),인디음악
https://cdnimg.melon.co.kr/cm2/album/images/109/40/426/10940426_20220503100932_500.jpg/melon/resize/120/quality/80/optimize,초대,멜로망스,인디음악
https://cdnimg.melon.co.kr/cm2/album/images/110/43/153/11043153_20221014135732_500.jpg/melon/resize/120/quality/80/optimize,너를 부르는 바람 (A Pining Wind),마크툽 (MAKTUB),인디음악
https://cdnimg.melon.co.kr/cm/album/images/101/00/191/10100191_500.jpg/melon/resize/120/quality/80/optimize,썸 탈꺼야,볼빨간사춘기,인디음악
https://cdnimg.melon.co.kr/cm/album/images/022/82/505/2282505_500.jpg/melon/resize/120/quality/80/optimize,위잉위잉,혁오 (HYUKOH),인디음악
https://cdnimg.melon.co.kr/cm/album/images/100/39/982/10039982_500.jpg/melon/resize/120/quality/80/optimize,니가 보고싶은 밤,윤딴딴,인디음악
https://cdnimg.melon.co.kr/cm/album/images/013/28/152/1328152_500.jpg/melon/resize/120/quality/80/optimize,Little Star,스탠딩 에그,인디음악
https://cdnimg.melon.co.kr/cm/album/images/102/53/396/10253396_500.jpg/melon/resize/120/quality/80/optimize,바라봐줘요,죠지,인디음악
https://cdnimg.melon.co.kr/cm2/album/images/110/78/891/11078891_20221018102054_500.jpg/melon/resize/120/quality/80/optimize,우리 다투게 돼도 이것만 기억해 줄래 눈을 맞추고 서로가 서로의 손잡아 주며 낮은 목소리와 예쁜 말투로 상처 주지 않게 노력을 하고 ●,그리즐리 (Grizzly),인디음악
https://cdnimg.melon.co.kr/cm/album/images/100/57/570/10057570_500.jpg/melon/resize/120/quality/80/optimize,TOMBOY,혁오 (HYUKOH),인디음악
https://cdnimg.melon.co.kr/cm2/album/images/105/77/197/10577197_20210312160109_500.jpg/melon/resize/120/quality/80/optimize,이렇게 좋아해 본 적이 없어요,CHEEZE (치즈),인디음악
https://cdnimg.melon.co.kr/cm2/album/images/107/71/882/10771882_20211110183217_500.jpg/melon/resize/120/quality/80/optimize,어제 너는 나를 버렸어,10CM,인디음악
https://cdnimg.melon.co.kr/cm/album/images/026/83/581/2683581_500.jpg/melon/resize/120/quality/80/optimize,오늘,오왠 (O.WHEN),인디음악
https://cdnimg.melon.co.kr/cm/album/images/027/02/242/2702242_500.jpg/melon/resize/120/quality/80/optimize,꿈나라 별나라,잔나비,인디음악
https://cdnimg.melon.co.kr/cm2/album/images/104/86/085/10486085_20200904134735_500.jpg/melon/resize/120/quality/80/optimize,별을 담은 시 (Ode To The Stars),마크툽 (MAKTUB),인디음악
https://cdnimg.melon.co.kr/cm2/album/images/104/12/552/10412552_20200403152200_500.jpg/melon/resize/120/quality/80/optimize,안았어야해 (Feat. Futuristic Swaver),JAEHA (재하),인디음악
https://cdnimg.melon.co.kr/cm/album/images/101/81/438/10181438_500.jpg/melon/resize/120/quality/80/optimize,동화,멜로망스,인디음악
https://cdnimg.melon.co.kr/cm2/album/images/109/47/409/10947409_20220510101604_500.jpg/melon/resize/120/quality/80/optimize,초록을거머쥔우리는,잔나비,인디음악
https://cdnimg.melon.co.kr/cm2/album/images/104/06/229/10406229_20200320173757_500.jpg/melon/resize/120/quality/80/optimize,좋은 밤 좋은 꿈,너드커넥션 (Nerd Connection),인디음악
https://cdnimg.melon.co.kr/cm/album/images/102/68/898/10268898_500.jpg/melon/resize/120/quality/80/optimize,별 보러 갈래?,볼빨간사춘기,인디음악
https://cdnimg.melon.co.kr/cm2/album/images/107/34/371/10734371_20211007150652_500.jpg/melon/resize/120/quality/80/optimize,김철수 씨 이야기,허회경,인디음악
https://cdnimg.melon.co.kr/cm/album/images/022/33/048/2233048_500.jpg/melon/resize/120/quality/80/optimize,겨울을 걷는다,윤딴딴,인디음악
https://cdnimg.melon.co.kr/cm2/album/images/106/32/920/10632920_20210621135204_500.jpg/melon/resize/120/quality/80/optimize,허리춤,오반,인디음악
https://cdnimg.melon.co.kr/cm2/album/images/104/27/559/10427559_20200513160836_500.jpg/melon/resize/120/quality/80/optimize,나비와 고양이 (feat.백현 (BAEKHYUN)),볼빨간사춘기,인디음악
https://cdnimg.melon.co.kr/cm2/album/images/105/65/776/10565776_20210217170459_500.jpg/melon/resize/120/quality/80/optimize,좋아해.. (바른연애 길잡이 X 죠지),죠지,인디음악
https://cdnimg.melon.co.kr/cm/album/images/100/13/929/10013929_500.jpg/melon/resize/120/quality/80/optimize,비행운,문문 (MoonMoon),인디음악
https://cdnimg.melon.co.kr/cm2/album/images/103/69/830/10369830_20191230105943_500.jpg/melon/resize/120/quality/80/optimize,마음이 말하는 행복 (Happiness) (Feat.이라온),마크툽 (MAKTUB),인디음악
https://cdnimg.melon.co.kr/cm2/album/images/106/63/825/10663825_20210728151057_500.jpg/melon/resize/120/quality/80/optimize,밤의 공원,잔나비,인디음악
https://cdnimg.melon.co.kr/cm/album/images/100/66/921/10066921_500.jpg/melon/resize/120/quality/80/optimize,나랑 아니면,검정치마,인디음악
https://cdnimg.melon.co.kr/cm2/album/images/106/63/825/10663825_20210728151057_500.jpg/melon/resize/120/quality/80/optimize,외딴섬 로맨틱,잔나비,인디음악
https://cdnimg.melon.co.kr/cm/album/images/102/60/858/10260858_500.jpg/melon/resize/120/quality/80/optimize,꿈과 책과 힘과 벽,잔나비,인디음악
https://cdnimg.melon.co.kr/cm2/album/images/110/44/462/11044462_20220901224304_500.jpg/melon/resize/120/quality/80/optimize,츤데레,순순희,인디음악
https://cdnimg.melon.co.kr/cm2/album/images/103/27/581/10327581_500.jpg/melon/resize/120/quality/80/optimize,워커홀릭,볼빨간사춘기,인디음악
https://cdnimg.melon.co.kr/cm/album/images/008/42/655/842655_500.jpg/melon/resize/120/quality/80/optimize,고백,뜨거운 감자,인디음악
https://cdnimg.melon.co.kr/cm2/album/images/106/06/892/10606892_20210513100549_500.jpg/melon/resize/120/quality/80/optimize,서울의 잠 못 이루는 밤 (Feat. 이수현),10CM,인디음악
https://cdnimg.melon.co.kr/cm/album/images/026/76/884/2676884_500.jpg/melon/resize/120/quality/80/optimize,봄이 좋냐??,10CM,인디음악
https://cdnimg.melon.co.kr/cm2/album/images/103/36/518/10336518_500.jpg/melon/resize/120/quality/80/optimize,있어줘요,장덕철,인디음악
https://cdnimg.melon.co.kr/cm/album/images/100/42/193/10042193_500.jpg/melon/resize/120/quality/80/optimize,오늘도 그대만 (Feat. 정동원),T.P RETRO (타디스 프로젝트舊),인디음악
https://cdnimg.melon.co.kr/cm/album/images/100/93/077/10093077_500.jpg/melon/resize/120/quality/80/optimize,pet,10CM,인디음악
https://cdnimg.melon.co.kr/cm/album/images/026/80/986/2680986_500.jpg/melon/resize/120/quality/80/optimize,심술,볼빨간사춘기,인디음악
https://cdnimg.melon.co.kr/cm/album/images/101/00/191/10100191_500.jpg/melon/resize/120/quality/80/optimize,Blue,볼빨간사춘기,인디음악
https://cdnimg.melon.co.kr/cm/album/images/103/05/070/10305070_500.jpg/melon/resize/120/quality/80/optimize,인사,멜로망스,인디음악
https://cdnimg.melon.co.kr/cm/album/images/102/50/848/10250848_500.jpg/melon/resize/120/quality/80/optimize,니가 돌아올 희망은 없다는 걸 알아,경제환,인디음악
https://cdnimg.melon.co.kr/cm/album/images/010/23/955/1023955_500.jpg/melon/resize/120/quality/80/optimize,널 생각해,원 모어 찬스 (one more chance),인디음악
https://cdnimg.melon.co.kr/cm2/album/images/107/38/113/10738113_20211012194001_500.jpg/melon/resize/120/quality/80/optimize,한 걸음씩 멀어지는 너에게,#안녕,인디음악
https://cdnimg.melon.co.kr/cm/album/images/101/96/980/10196980_500.jpg/melon/resize/120/quality/80/optimize,매트리스,10CM,인디음악
https://cdnimg.melon.co.kr/cm2/album/images/106/02/409/10602409_20210504172231_500.jpg/melon/resize/120/quality/80/optimize,문어의 꿈,안예은,인디음악
https://cdnimg.melon.co.kr/cm2/album/images/108/53/914/10853914_20220127141825_500.jpg/melon/resize/120/quality/80/optimize,반복 (repeat),줍에이 (Joob A),인디음악
https://cdnimg.melon.co.kr/cm/album/images/102/29/387/10229387_500.jpg/melon/resize/120/quality/80/optimize,행복,오반,인디음악
https://cdnimg.melon.co.kr/cm/album/images/026/44/090/2644090_500.jpg/melon/resize/120/quality/80/optimize,10월의 날씨,10CM,인디음악
https://cdnimg.melon.co.kr/cm2/album/images/109/03/868/10903868_20220330103544_500.jpg/melon/resize/120/quality/80/optimize,사건의 지평선,윤하 (YOUNHA),록/메탈
https://cdnimg.melon.co.kr/cm2/album/images/108/90/384/10890384_20220314111504_500.jpg/melon/resize/120/quality/80/optimize,TOMBOY,(여자)아이들,록/메탈
https://cdnimg.melon.co.kr/cm2/album/images/109/08/834/10908834_20220404174407_500.jpg/melon/resize/120/quality/80/optimize,봄여름가을겨울 (Still Life),BIGBANG (빅뱅),록/메탈
https://cdnimg.melon.co.kr/cm2/album/images/106/07/796/10607796_20210513201807_500.jpg/melon/resize/120/quality/80/optimize,신호등,이무진,록/메탈
https://cdnimg.melon.co.kr/cm2/album/images/107/43/453/10743453_20211018165252_500.jpg/melon/resize/120/quality/80/optimize,strawberry moon,아이유,록/메탈
https://cdnimg.melon.co.kr/cm2/album/images/109/23/444/10923444_20220502140600_500.jpg/melon/resize/120/quality/80/optimize,무지개,임영웅,록/메탈
https://cdnimg.melon.co.kr/cm2/album/images/110/78/852/11078852_20221017102947_500.jpg/melon/resize/120/quality/80/optimize,LOVE,(여자)아이들,록/메탈
https://cdnimg.melon.co.kr/cm2/album/images/103/46/650/10346650_500.jpg/melon/resize/120/quality/80/optimize,Blueming,아이유,록/메탈
https://cdnimg.melon.co.kr/cm2/album/images/000/32/889/32889_20220615123143_500.jpg/melon/resize/120/quality/80/optimize,Monologue,버즈,록/메탈
https://cdnimg.melon.co.kr/cm/album/images/022/10/557/2210557_500.jpg/melon/resize/120/quality/80/optimize,"스물다섯, 스물하나",자우림,록/메탈
https://cdnimg.melon.co.kr/cm/album/images/027/02/242/2702242_500.jpg/melon/resize/120/quality/80/optimize,뜨거운 여름밤은 가고 남은 건 볼품없지만,잔나비,"인디음악, 록/메탈"
https://cdnimg.melon.co.kr/cm2/album/images/104/26/648/10426648_20200506153340_500.jpg/melon/resize/120/quality/80/optimize,에잇(Prod.&Feat. SUGA of BTS),아이유,록/메탈
https://cdnimg.melon.co.kr/cm/album/images/022/78/294/2278294_500.jpg/melon/resize/120/quality/80/optimize,사랑하긴 했었나요 스쳐가는 인연이었나요 짧지않은 우리 함께했던 시간들이 자꾸 내 마음을 가둬두네,잔나비,록/메탈
https://cdnimg.melon.co.kr/cm2/album/images/110/89/457/11089457_20221028103340_500.jpg/melon/resize/120/quality/80/optimize,The Astronaut,진,록/메탈
https://cdnimg.melon.co.kr/cm2/album/images/103/20/500/10320500_500.jpg/melon/resize/120/quality/80/optimize,흔들리는 꽃들 속에서 네 샴푸향이 느껴진거야,장범준,"록/메탈, 국내드라마"
https://cdnimg.melon.co.kr/cm/album/images/100/36/099/10036099_500.jpg/melon/resize/120/quality/80/optimize,예뻤어,DAY6 (데이식스),록/메탈
https://cdnimg.melon.co.kr/cm2/album/images/106/61/658/10661658_20210726111159_500.jpg/melon/resize/120/quality/80/optimize,낙하 (with 아이유),AKMU (악뮤),록/메탈
https://cdnimg.melon.co.kr/cm2/album/images/110/83/731/11083731_20221021175455_500.jpg/melon/resize/120/quality/80/optimize,Youth,기현 (몬스타엑스),록/메탈
https://cdnimg.melon.co.kr/cm2/album/images/103/46/650/10346650_500.jpg/melon/resize/120/quality/80/optimize,Love poem,아이유,록/메탈
https://cdnimg.melon.co.kr/cm/album/images/100/44/071/10044071_500.jpg/melon/resize/120/quality/80/optimize,별 보러 가자,적재,록/메탈
https://cdnimg.melon.co.kr/cm/album/images/003/01/886/301886_500.jpg/melon/resize/120/quality/80/optimize,사랑했나봐,윤도현,록/메탈
https://cdnimg.melon.co.kr/cm/album/images/101/70/069/10170069_500.jpg/melon/resize/120/quality/80/optimize,여행,볼빨간사춘기,록/메탈
https://cdnimg.melon.co.kr/cm/album/images/103/07/346/10307346_500.jpg/melon/resize/120/quality/80/optimize,한 페이지가 될 수 있게,DAY6 (데이식스),록/메탈
https://cdnimg.melon.co.kr/cm/album/images/020/38/488/2038488_500.jpg/melon/resize/120/quality/80/optimize,안아줘,정준일,록/메탈
https://cdnimg.melon.co.kr/cm2/album/images/103/81/712/10381712_20200131110358_500.jpg/melon/resize/120/quality/80/optimize,시작,가호 (Gaho),록/메탈
https://cdnimg.melon.co.kr/cm2/album/images/110/78/852/11078852_20221017102947_500.jpg/melon/resize/120/quality/80/optimize,Reset,(여자)아이들,록/메탈
https://cdnimg.melon.co.kr/cm2/album/images/003/00/646/300646_20220615122456_500.jpg/melon/resize/120/quality/80/optimize,가시,버즈,록/메탈
https://cdnimg.melon.co.kr/cm2/album/images/106/31/122/10631122_20210617142653_500.jpg/melon/resize/120/quality/80/optimize,비와 당신,이무진,록/메탈
https://cdnimg.melon.co.kr/cm/album/images/003/17/113/317113_500.jpg/melon/resize/120/quality/80/optimize,남자를 몰라,버즈,록/메탈
https://cdnimg.melon.co.kr/cm/album/images/003/82/579/382579_500.jpg/melon/resize/120/quality/80/optimize,기억을 걷는 시간,넬 (NELL),록/메탈
https://cdnimg.melon.co.kr/cm2/album/images/110/78/496/11078496_20221014153848_500.jpg/melon/resize/120/quality/80/optimize,No Celestial,LE SSERAFIM (르세라핌),록/메탈
https://cdnimg.melon.co.kr/cm/album/images/003/47/264/347264_500.jpg/melon/resize/120/quality/80/optimize,비밀번호 486,윤하 (YOUNHA),록/메탈
https://cdnimg.melon.co.kr/cm2/album/images/110/78/852/11078852_20221017102947_500.jpg/melon/resize/120/quality/80/optimize,조각품,(여자)아이들,록/메탈
https://cdnimg.melon.co.kr/cm/album/images/102/38/711/10238711_500.jpg/melon/resize/120/quality/80/optimize,옥탑방 (Rooftop),엔플라잉 (N.Flying),록/메탈
https://cdnimg.melon.co.kr/cm/album/images/026/43/740/2643740_500.jpg/melon/resize/120/quality/80/optimize,I (Feat. 버벌진트),태연 (TAEYEON),록/메탈
https://cdnimg.melon.co.kr/cm2/album/images/110/83/197/11083197_20221021140020_500.jpg/melon/resize/120/quality/80/optimize,Loveable,조유리,록/메탈
https://cdnimg.melon.co.kr/cm2/album/images/003/00/646/300646_20220615122456_500.jpg/melon/resize/120/quality/80/optimize,겁쟁이,버즈,록/메탈
https://cdnimg.melon.co.kr/cm2/album/images/106/14/899/10614899_20210531150225_500.jpg/melon/resize/120/quality/80/optimize,안녕 (Hello),조이 (JOY),록/메탈
https://cdnimg.melon.co.kr/cm2/album/images/110/80/694/11080694_20221019153725_500.jpg/melon/resize/120/quality/80/optimize,Boys Like You,ITZY (있지),록/메탈
https://cdnimg.melon.co.kr/cm2/album/images/106/73/875/10673875_20210806151131_500.jpg/melon/resize/120/quality/80/optimize,고백,10CM,록/메탈
https://cdnimg.melon.co.kr/cm/album/images/102/64/375/10264375_500.jpg/melon/resize/120/quality/80/optimize,노래방에서,장범준,록/메탈
https://cdnimg.melon.co.kr/cm2/album/images/109/34/550/10934550_20220427101559_500.jpg/melon/resize/120/quality/80/optimize,Drive,미연 ((여자)아이들),록/메탈
https://cdnimg.melon.co.kr/cm2/album/images/108/65/475/10865475_20220211125700_500.jpg/melon/resize/120/quality/80/optimize,Starlight,태일 (TAEIL),록/메탈
https://cdnimg.melon.co.kr/cm/album/images/026/64/662/2664662_500.jpg/melon/resize/120/quality/80/optimize,EVERYTHING,검정치마,록/메탈
https://cdnimg.melon.co.kr/cm2/album/images/110/83/731/11083731_20221021175455_500.jpg/melon/resize/120/quality/80/optimize,Bad Liar,기현 (몬스타엑스),록/메탈
https://cdnimg.melon.co.kr/cm2/album/images/109/29/204/10929204_20220422113644_500.jpg/melon/resize/120/quality/80/optimize,봄 to 러브,10CM,록/메탈
https://cdnimg.melon.co.kr/cm/album/images/000/29/678/29678_500.jpg/melon/resize/120/quality/80/optimize,고백,델리스파이스,록/메탈
https://cdnimg.melon.co.kr/cm2/album/images/106/61/149/10661149_20210723152034_500.jpg/melon/resize/120/quality/80/optimize,널 떠올리는 중이야,PATEKO (파테코),록/메탈
https://cdnimg.melon.co.kr/cm/album/images/000/16/672/16672_500.jpg/melon/resize/120/quality/80/optimize,Never Ending Story,부활,록/메탈
https://cdnimg.melon.co.kr/cm2/album/images/107/78/556/10778556_20211116105621_500.jpg/melon/resize/120/quality/80/optimize,오르트구름,윤하 (YOUNHA),록/메탈
https://cdnimg.melon.co.kr/cm2/album/images/110/83/731/11083731_20221021175455_500.jpg/melon/resize/120/quality/80/optimize,STARDUST,기현 (몬스타엑스),록/메탈
https://cdnimg.melon.co.kr/cm2/album/images/110/83/731/11083731_20221021175455_500.jpg/melon/resize/120/quality/80/optimize,Where Is This Love,기현 (몬스타엑스),록/메탈
https://cdnimg.melon.co.kr/cm/album/images/003/52/436/352436_500.jpg/melon/resize/120/quality/80/optimize,사랑앓이,FTISLAND (FT아일랜드),록/메탈
https://cdnimg.melon.co.kr/cm2/album/images/108/90/384/10890384_20220314111504_500.jpg/melon/resize/120/quality/80/optimize,말리지 마,(여자)아이들,록/메탈
https://cdnimg.melon.co.kr/cm2/album/images/110/73/649/11073649_20221007180039_500.jpg/melon/resize/120/quality/80/optimize,폭망 (I Like You),엔플라잉 (N.Flying),록/메탈
https://cdnimg.melon.co.kr/cm/album/images/000/35/269/35269_500.jpg/melon/resize/120/quality/80/optimize,사랑의 바보,더 넛츠 (The NuTs),록/메탈
https://cdnimg.melon.co.kr/cm2/album/images/104/12/319/10412319_20200403103006_500.jpg/melon/resize/120/quality/80/optimize,이제 나만 믿어요,임영웅,성인가요/트로트
https://cdnimg.melon.co.kr/cm2/album/images/109/23/444/10923444_20220502140600_500.jpg/melon/resize/120/quality/80/optimize,사랑역,임영웅,성인가요/트로트
https://cdnimg.melon.co.kr/cm2/album/images/109/23/444/10923444_20220502140600_500.jpg/melon/resize/120/quality/80/optimize,사랑해요 그대를,임영웅,성인가요/트로트
https://cdnimg.melon.co.kr/cm2/album/images/109/23/444/10923444_20220502140600_500.jpg/melon/resize/120/quality/80/optimize,보금자리,임영웅,성인가요/트로트
https://cdnimg.melon.co.kr/cm2/album/images/105/75/005/10575005_20210309113840_500.jpg/melon/resize/120/quality/80/optimize,별빛 같은 나의 사랑아,임영웅,성인가요/트로트
https://cdnimg.melon.co.kr/cm2/album/images/106/14/238/10614238_20210525100205_500.jpg/melon/resize/120/quality/80/optimize,다시 사랑한다면 (김필 Ver.),임영웅,성인가요/트로트
https://cdnimg.melon.co.kr/cm2/album/images/103/91/899/10391899_20200221103027_500.jpg/melon/resize/120/quality/80/optimize,어느 60대 노부부이야기,임영웅,성인가요/트로트
https://cdnimg.melon.co.kr/cm/album/images/102/14/084/10214084_500.jpg/melon/resize/120/quality/80/optimize,니가 왜 거기서 나와 (Narr. 고은아),영탁,성인가요/트로트
https://cdnimg.melon.co.kr/cm2/album/images/103/77/157/10377157_20200117113740_500.jpg/melon/resize/120/quality/80/optimize,바램,임영웅,성인가요/트로트
https://cdnimg.melon.co.kr/cm/album/images/009/16/260/916260_500.jpg/melon/resize/120/quality/80/optimize,초혼,장윤정,성인가요/트로트
https://cdnimg.melon.co.kr/cm2/album/images/103/77/157/10377157_20200117113740_500.jpg/melon/resize/120/quality/80/optimize,진또배기,이찬원,성인가요/트로트
https://cdnimg.melon.co.kr/cm/album/images/102/59/403/10259403_500.jpg/melon/resize/120/quality/80/optimize,목포행 완행열차,장윤정,성인가요/트로트
https://cdnimg.melon.co.kr/cm2/album/images/106/33/915/10633915_20210622101307_500.jpg/melon/resize/120/quality/80/optimize,잊었니,임영웅,성인가요/트로트
https://cdnimg.melon.co.kr/cm2/album/images/103/80/994/10380994_20200130104559_500.jpg/melon/resize/120/quality/80/optimize,막걸리 한잔,영탁,성인가요/트로트
https://cdnimg.melon.co.kr/cm2/album/images/105/13/079/10513079_20201103201136_500.jpg/melon/resize/120/quality/80/optimize,HERO,임영웅,성인가요/트로트
https://cdnimg.melon.co.kr/cm2/album/images/104/02/513/10402513_20200313112215_500.jpg/melon/resize/120/quality/80/optimize,찐이야,영탁,성인가요/트로트
https://cdnimg.melon.co.kr/cm2/album/images/104/36/135/10436135_20200527160726_500.jpg/melon/resize/120/quality/80/optimize,시절인연 (時節因緣),이찬원,"성인가요/트로트, 국내드라마"
https://cdnimg.melon.co.kr/cm/album/images/102/59/010/10259010_500.jpg/melon/resize/120/quality/80/optimize,오늘 밤에,홍진영,성인가요/트로트
https://cdnimg.melon.co.kr/cm/album/images/003/02/749/302749_500.jpg/melon/resize/120/quality/80/optimize,사랑아,장윤정,성인가요/트로트
https://cdnimg.melon.co.kr/cm/album/images/021/93/965/2193965_500.jpg/melon/resize/120/quality/80/optimize,아모르 파티,김연자,성인가요/트로트
https://cdnimg.melon.co.kr/cm2/album/images/105/19/994/10519994_20201118144036_500.jpg/melon/resize/120/quality/80/optimize,돼지토끼,장윤정,성인가요/트로트
https://cdnimg.melon.co.kr/cm2/album/images/103/28/889/10328889_20210325105936_500.jpg/melon/resize/120/quality/80/optimize,한잔해,박군,성인가요/트로트
https://cdnimg.melon.co.kr/cm2/album/images/103/99/605/10399605_20200306103101_500.jpg/melon/resize/120/quality/80/optimize,보라빛 엽서,임영웅,성인가요/트로트
https://cdnimg.melon.co.kr/cm2/album/images/106/39/384/10639384_20210628195604_500.jpg/melon/resize/120/quality/80/optimize,끝사랑,임영웅,성인가요/트로트
https://cdnimg.melon.co.kr/cm2/album/images/104/02/513/10402513_20200313112215_500.jpg/melon/resize/120/quality/80/optimize,18세 순이,이찬원,성인가요/트로트
https://cdnimg.melon.co.kr/cm2/album/images/104/02/513/10402513_20200313112215_500.jpg/melon/resize/120/quality/80/optimize,여백,정동원,성인가요/트로트
https://cdnimg.melon.co.kr/cm2/album/images/104/77/865/10477865_20200819145718_500.jpg/melon/resize/120/quality/80/optimize,테스형!,나훈아,성인가요/트로트
https://cdnimg.melon.co.kr/cm/album/images/102/59/403/10259403_500.jpg/melon/resize/120/quality/80/optimize,사랑 참,장윤정,성인가요/트로트
https://cdnimg.melon.co.kr/cm2/album/images/108/62/759/10862759_20220209160854_500.jpg/melon/resize/120/quality/80/optimize,전복 먹으러 갈래,영탁,성인가요/트로트
https://cdnimg.melon.co.kr/cm2/album/images/108/07/456/10807456_20211208235252_500.jpg/melon/resize/120/quality/80/optimize,참 좋은 날,이찬원,성인가요/트로트
https://cdnimg.melon.co.kr/cm/album/images/021/49/029/2149029_500.jpg/melon/resize/120/quality/80/optimize,안동역에서,진성,성인가요/트로트
https://cdnimg.melon.co.kr/cm/album/images/101/14/984/10114984_500.jpg/melon/resize/120/quality/80/optimize,옆집누나,장윤정,성인가요/트로트
https://cdnimg.melon.co.kr/cm2/album/images/107/33/756/10733756_20211007101424_500.jpg/melon/resize/120/quality/80/optimize,힘을 내세요,이찬원,성인가요/트로트
https://cdnimg.melon.co.kr/cm/album/images/026/72/833/2672833_500.jpg/melon/resize/120/quality/80/optimize,누나가 딱이야,영탁,성인가요/트로트
https://cdnimg.melon.co.kr/cm2/album/images/107/33/756/10733756_20211007101424_500.jpg/melon/resize/120/quality/80/optimize,메밀꽃 필무렵,이찬원,트로트
https://cdnimg.melon.co.kr/cm2/album/images/104/76/364/10476364_20200814102717_500.jpg/melon/resize/120/quality/80/optimize,오래된 노래,임영웅,트로트
https://cdnimg.melon.co.kr/cm2/album/images/106/91/288/10691288_20210825111910_500.jpg/melon/resize/120/quality/80/optimize,편의점,이찬원,성인가요/트로트
https://cdnimg.melon.co.kr/cm2/album/images/104/02/513/10402513_20200313112215_500.jpg/melon/resize/120/quality/80/optimize,딱! 풀,이찬원,트로트
https://cdnimg.melon.co.kr/cm/album/images/022/89/464/2289464_500.jpg/melon/resize/120/quality/80/optimize,산다는 건 (Cheer Up),홍진영,트로트
https://cdnimg.melon.co.kr/cm/album/images/101/95/495/10195495_500.jpg/melon/resize/120/quality/80/optimize,계단말고 엘리베이터,임영웅,트로트
https://cdnimg.melon.co.kr/cm/album/images/101/37/397/10137397_500.jpg/melon/resize/120/quality/80/optimize,잘가라,홍진영,트로트
https://cdnimg.melon.co.kr/cm/album/images/000/04/899/4899_500.jpg/melon/resize/120/quality/80/optimize,바람의 노래,조용필,트로트
https://cdnimg.melon.co.kr/cm/album/images/022/92/600/2292600_500.jpg/melon/resize/120/quality/80/optimize,바램,노사연,트로트
https://cdnimg.melon.co.kr/cm/album/images/005/90/452/590452_500.jpg/melon/resize/120/quality/80/optimize,사랑의 배터리,홍진영,트로트
https://cdnimg.melon.co.kr/cm2/album/images/108/07/456/10807456_20211208235252_500.jpg/melon/resize/120/quality/80/optimize,메밀꽃 필 무렵 (Piano Ver.),이찬원,트로트
https://cdnimg.melon.co.kr/cm/album/images/003/02/749/302749_500.jpg/melon/resize/120/quality/80/optimize,꽃,장윤정,트로트
https://cdnimg.melon.co.kr/cm2/album/images/103/46/934/10346934_500.jpg/melon/resize/120/quality/80/optimize,서울의 달,송가인,트로트
https://cdnimg.melon.co.kr/cm/album/images/005/28/573/528573_500.jpg/melon/resize/120/quality/80/optimize,당신이 좋아,남진,트로트
https://cdnimg.melon.co.kr/cm2/album/images/105/04/315/10504315_20201015172531_500.jpg/melon/resize/120/quality/80/optimize,어느날 문득,임영웅,트로트
https://cdnimg.melon.co.kr/cm2/album/images/104/60/946/10460946_20200715101652_500.jpg/melon/resize/120/quality/80/optimize,빗속에서,이찬원,트로트
https://cdnimg.melon.co.kr/cm2/album/images/107/80/482/10780482_20211117104605_500.jpg/melon/resize/120/quality/80/optimize,잘가요 내사랑,정동원,트로트
https://cdnimg.melon.co.kr/cm/album/images/100/27/181/10027181_500.jpg/melon/resize/120/quality/80/optimize,내 이름 아시죠,장민호,트로트
https://cdnimg.melon.co.kr/cm/album/images/101/36/107/10136107_500.jpg/melon/resize/120/quality/80/optimize,사내,나훈아,트로트
https://cdnimg.melon.co.kr/cm2/album/images/105/70/663/10570663_20210225184744_500.jpg/melon/resize/120/quality/80/optimize,그 강을 건너지마오,양지은,트로트
https://cdnimg.melon.co.kr/cm2/album/images/103/77/157/10377157_20200117113740_500.jpg/melon/resize/120/quality/80/optimize,보릿고개,정동원,트로트
https://cdnimg.melon.co.kr/cm/album/images/000/04/906/4906_500.jpg/melon/resize/120/quality/80/optimize,꿈,조용필,트로트
https://cdnimg.melon.co.kr/cm/album/images/022/10/535/2210535_500.jpg/melon/resize/120/quality/80/optimize,사랑찾아 인생찾아,조항조,트로트
https://cdnimg.melon.co.kr/cm2/album/images/106/73/746/10673746_20210806143154_500.jpg/melon/resize/120/quality/80/optimize,사는 게 그런 거지,장민호,트로트
https://cdnimg.melon.co.kr/cm2/album/images/103/46/934/10346934_500.jpg/melon/resize/120/quality/80/optimize,엄마아리랑,송가인,트로트
https://cdnimg.melon.co.kr/cm2/album/images/104/24/728/10424728_20200429163529_500.jpg/melon/resize/120/quality/80/optimize,주라주라,둘째이모 김다비,트로트
https://cdnimg.melon.co.kr/cm2/album/images/104/02/513/10402513_20200313112215_500.jpg/melon/resize/120/quality/80/optimize,역쩐인생:가난한 남자,장민호,트로트
https://cdnimg.melon.co.kr/cm2/album/images/107/80/482/10780482_20211117104605_500.jpg/melon/resize/120/quality/80/optimize,물망초,정동원,트로트
https://cdnimg.melon.co.kr/cm/album/images/021/67/949/2167949_500.jpg/melon/resize/120/quality/80/optimize,미운 사랑,진미령,트로트
https://cdnimg.melon.co.kr/cm2/album/images/104/82/539/10482539_20200828102112_500.jpg/melon/resize/120/quality/80/optimize,그런 사람 또 없습니다,임영웅,트로트
https://cdnimg.melon.co.kr/cm2/album/images/109/29/874/10929874_20220422192245_500.jpg/melon/resize/120/quality/80/optimize,아지랑이꽃,정동원,트로트
https://cdnimg.melon.co.kr/cm/album/images/003/13/232/313232_500.jpg/melon/resize/120/quality/80/optimize,태클을 걸지마,진성,트로트
https://cdnimg.melon.co.kr/cm2/album/images/106/04/768/10604768_20210510151850_500.jpg/melon/resize/120/quality/80/optimize,잊어야 한다는 마음으로,임영웅,트로트
https://cdnimg.melon.co.kr/cm2/album/images/109/24/275/10924275_20220418153810_500.jpg/melon/resize/120/quality/80/optimize,이정표,장윤정,트로트
https://cdnimg.melon.co.kr/cm/album/images/026/53/536/2653536_500.jpg/melon/resize/120/quality/80/optimize,사랑이 좋아,홍진영,트로트
https://cdnimg.melon.co.kr/cm/album/images/101/36/194/10136194_500.jpg/melon/resize/120/quality/80/optimize,공,나훈아,트로트
https://cdnimg.melon.co.kr/cm2/album/images/106/02/358/10602358_20210504155712_500.jpg/melon/resize/120/quality/80/optimize,내 마음속 최고,정동원,트로트
https://cdnimg.melon.co.kr/cm/album/images/102/80/596/10280596_500.jpg/melon/resize/120/quality/80/optimize,무명배우,송가인,트로트
https://cdnimg.melon.co.kr/cm2/album/images/103/52/532/10352532_500.jpg/melon/resize/120/quality/80/optimize,사랑의 재개발,유산슬,트로트
https://cdnimg.melon.co.kr/cm2/album/images/103/85/603/10385603_20200207102907_500.jpg/melon/resize/120/quality/80/optimize,일편단심 민들레야,임영웅,트로트
https://cdnimg.melon.co.kr/cm2/album/images/105/63/072/10563072_20210210141334_500.jpg/melon/resize/120/quality/80/optimize,바람길,김태연,트로트
https://cdnimg.melon.co.kr/cm2/album/images/104/23/519/10423519_20200428102234_500.jpg/melon/resize/120/quality/80/optimize,나보다 더 사랑해요,김호중,트로트
https://cdnimg.melon.co.kr/cm/album/images/103/05/694/10305694_500.jpg/melon/resize/120/quality/80/optimize,평행선,문희옥,트로트
https://cdnimg.melon.co.kr/cm/album/images/000/03/210/3210_500.jpg/melon/resize/120/quality/80/optimize,둥지,남진,트로트
https://cdnimg.melon.co.kr/cm2/album/images/103/99/605/10399605_20200306103101_500.jpg/melon/resize/120/quality/80/optimize,파트너,정동원,트로트
https://cdnimg.melon.co.kr/cm/album/images/000/04/900/4900_500.jpg/melon/resize/120/quality/80/optimize,기다리는 아픔,조용필,트로트
https://cdnimg.melon.co.kr/cm/album/images/100/79/188/10079188_500.jpg/melon/resize/120/quality/80/optimize,7번국도,장민호,트로트
https://cdnimg.melon.co.kr/cm2/album/images/104/02/513/10402513_20200313112215_500.jpg/melon/resize/120/quality/80/optimize,나는 남자다,김희재,트로트
https://cdnimg.melon.co.kr/cm/album/images/003/99/083/399083_500.jpg/melon/resize/120/quality/80/optimize,시계바늘,신유,트로트
https://cdnimg.melon.co.kr/cm/album/images/009/16/260/916260_500.jpg/melon/resize/120/quality/80/optimize,불나비,장윤정,트로트
https://cdnimg.melon.co.kr/cm/album/images/026/75/039/2675039_500.jpg/melon/resize/120/quality/80/optimize,엄지 척,홍진영,트로트
https://cdnimg.melon.co.kr/cm/album/images/023/15/072/2315072_500.jpg/melon/resize/120/quality/80/optimize,바람길,장윤정,트로트
https://cdnimg.melon.co.kr/cm/album/images/102/70/630/10270630_500.jpg/melon/resize/120/quality/80/optimize,한 많은 대동강,송가인,트로트
https://cdnimg.melon.co.kr/cm/album/images/003/82/067/382067_500.jpg/melon/resize/120/quality/80/optimize,슬픈 인연,Nami (나미),트로트
https://cdnimg.melon.co.kr/cm2/album/images/103/46/934/10346934_500.jpg/melon/resize/120/quality/80/optimize,가인이어라,송가인,트로트
https://cdnimg.melon.co.kr/cm2/album/images/109/29/874/10929874_20220422192245_500.jpg/melon/resize/120/quality/80/optimize,어려도 알 건 알아요,정동원,트로트
https://cdnimg.melon.co.kr/cm2/album/images/109/26/502/10926502_20220420071020_500.jpg/melon/resize/120/quality/80/optimize,Love story,볼빨간사춘기,"인디음악, 포크/블루스"
https://cdnimg.melon.co.kr/cm2/album/images/109/23/444/10923444_20220502140600_500.jpg/melon/resize/120/quality/80/optimize,사랑해 진짜,임영웅,포크/블루스
https://cdnimg.melon.co.kr/cm2/album/images/109/23/444/10923444_20220502140600_500.jpg/melon/resize/120/quality/80/optimize,연애편지,임영웅,포크/블루스
https://cdnimg.melon.co.kr/cm/album/images/021/48/596/2148596_500.jpg/melon/resize/120/quality/80/optimize,오래된 노래,스탠딩 에그,"인디음악, 포크/블루스"
https://cdnimg.melon.co.kr/cm/album/images/100/96/855/10096855_500.jpg/melon/resize/120/quality/80/optimize,가을 아침,아이유,포크/블루스
https://cdnimg.melon.co.kr/cm/album/images/022/90/452/2290452_500.jpg/melon/resize/120/quality/80/optimize,스토커,10CM,포크/블루스
https://cdnimg.melon.co.kr/cm/album/images/101/00/191/10100191_500.jpg/melon/resize/120/quality/80/optimize,나의 사춘기에게,볼빨간사춘기,"인디음악, 포크/블루스"
https://cdnimg.melon.co.kr/cm/album/images/027/07/131/2707131_500.jpg/melon/resize/120/quality/80/optimize,우주를 줄게,볼빨간사춘기,"인디음악, 포크/블루스"
https://cdnimg.melon.co.kr/cm/album/images/100/27/786/10027786_500.jpg/melon/resize/120/quality/80/optimize,오랜 날 오랜 밤,AKMU (악뮤),포크/블루스
https://cdnimg.melon.co.kr/cm/album/images/100/93/077/10093077_500.jpg/melon/resize/120/quality/80/optimize,폰서트,10CM,"인디음악, 포크/블루스"
https://cdnimg.melon.co.kr/cm2/album/images/109/26/502/10926502_20220420071020_500.jpg/melon/resize/120/quality/80/optimize,Seoul,볼빨간사춘기,"인디음악, 포크/블루스"
https://cdnimg.melon.co.kr/cm/album/images/100/11/491/10011491_500.jpg/melon/resize/120/quality/80/optimize,STAY,BLACKPINK,포크/블루스
https://cdnimg.melon.co.kr/cm2/album/images/107/12/767/10712767_20210913165623_500.jpg/melon/resize/120/quality/80/optimize,가을 타나 봐,이무진,포크/블루스
https://cdnimg.melon.co.kr/cm/album/images/100/70/846/10070846_500.jpg/melon/resize/120/quality/80/optimize,남이 될 수 있을까,볼빨간사춘기,"인디음악, 포크/블루스"
https://cdnimg.melon.co.kr/cm/album/images/102/68/898/10268898_500.jpg/melon/resize/120/quality/80/optimize,"나만, 봄",볼빨간사춘기,"인디음악, 포크/블루스"
https://cdnimg.melon.co.kr/cm2/album/images/105/18/635/10518635_20201116120552_500.jpg/melon/resize/120/quality/80/optimize,사라진 모든 것들에게(with ELLE KOREA),코드 쿤스트 (CODE KUNST),포크/블루스
https://cdnimg.melon.co.kr/cm/album/images/027/07/131/2707131_500.jpg/melon/resize/120/quality/80/optimize,나만 안되는 연애,볼빨간사춘기,"인디음악, 포크/블루스"
https://cdnimg.melon.co.kr/cm/album/images/011/66/956/1166956_500.jpg/melon/resize/120/quality/80/optimize,사랑은 은하수 다방에서,10CM,"인디음악, 포크/블루스"
https://cdnimg.melon.co.kr/cm/album/images/100/24/816/10024816_500.jpg/melon/resize/120/quality/80/optimize,좋다고 말해,볼빨간사춘기,포크/블루스
https://cdnimg.melon.co.kr/cm/album/images/101/00/191/10100191_500.jpg/melon/resize/120/quality/80/optimize,썸 탈꺼야,볼빨간사춘기,포크/블루스
https://cdnimg.melon.co.kr/cm/album/images/100/39/982/10039982_500.jpg/melon/resize/120/quality/80/optimize,니가 보고싶은 밤,윤딴딴,포크/블루스
https://cdnimg.melon.co.kr/cm/album/images/013/28/152/1328152_500.jpg/melon/resize/120/quality/80/optimize,Little Star,스탠딩 에그,포크/블루스
https://cdnimg.melon.co.kr/cm/album/images/026/83/581/2683581_500.jpg/melon/resize/120/quality/80/optimize,오늘,오왠 (O.WHEN),포크/블루스
https://cdnimg.melon.co.kr/cm/album/images/023/19/008/2319008_500.jpg/melon/resize/120/quality/80/optimize,마음,아이유,포크/블루스
https://cdnimg.melon.co.kr/cm/album/images/102/68/898/10268898_500.jpg/melon/resize/120/quality/80/optimize,별 보러 갈래?,볼빨간사춘기,"인디음악, 포크/블루스"
https://cdnimg.melon.co.kr/cm2/album/images/109/54/285/10954285_20220513162844_500.jpg/melon/resize/120/quality/80/optimize,Happy Song,멜로망스,포크/블루스
https://cdnimg.melon.co.kr/cm2/album/images/107/34/371/10734371_20211007150652_500.jpg/melon/resize/120/quality/80/optimize,김철수 씨 이야기,허회경,포크/블루스
https://cdnimg.melon.co.kr/cm2/album/images/104/27/559/10427559_20200513160836_500.jpg/melon/resize/120/quality/80/optimize,나비와 고양이 (feat.백현 (BAEKHYUN)),볼빨간사춘기,포크/블루스
https://cdnimg.melon.co.kr/cm2/album/images/110/14/554/11014554_20220726174229_500.jpg/melon/resize/120/quality/80/optimize,노래해요 (Duet with 최백호),김호중,포크/블루스
https://cdnimg.melon.co.kr/cm/album/images/022/49/127/2249127_500.jpg/melon/resize/120/quality/80/optimize,200%,AKMU (악뮤),포크/블루스
https://cdnimg.melon.co.kr/cm/album/images/020/59/186/2059186_500.jpg/melon/resize/120/quality/80/optimize,애상,10CM,"인디음악, 포크/블루스"
https://cdnimg.melon.co.kr/cm/album/images/026/76/884/2676884_500.jpg/melon/resize/120/quality/80/optimize,봄이 좋냐??,10CM,"인디음악, 포크/블루스"
https://cdnimg.melon.co.kr/cm/album/images/026/48/091/2648091_500.jpg/melon/resize/120/quality/80/optimize,청춘 (Feat. 김창완),김필,포크/블루스
https://cdnimg.melon.co.kr/cm2/album/images/108/36/345/10836345_20220107162848_500.jpg/melon/resize/120/quality/80/optimize,여름비,샘김 (Sam Kim),포크/블루스
https://cdnimg.melon.co.kr/cm/album/images/100/93/077/10093077_500.jpg/melon/resize/120/quality/80/optimize,pet,10CM,"인디음악, 포크/블루스"
https://cdnimg.melon.co.kr/cm/album/images/026/80/986/2680986_500.jpg/melon/resize/120/quality/80/optimize,심술,볼빨간사춘기,"인디음악, 포크/블루스"
https://cdnimg.melon.co.kr/cm/album/images/101/00/191/10100191_500.jpg/melon/resize/120/quality/80/optimize,Blue,볼빨간사춘기,"인디음악, 포크/블루스"
https://cdnimg.melon.co.kr/cm/album/images/022/49/127/2249127_500.jpg/melon/resize/120/quality/80/optimize,Give Love,AKMU (악뮤),포크/블루스
https://cdnimg.melon.co.kr/cm/album/images/010/23/955/1023955_500.jpg/melon/resize/120/quality/80/optimize,널 생각해,원 모어 찬스 (one more chance),포크/블루스
https://cdnimg.melon.co.kr/cm/album/images/101/96/980/10196980_500.jpg/melon/resize/120/quality/80/optimize,매트리스,10CM,"인디음악, 포크/블루스"
https://cdnimg.melon.co.kr/cm/album/images/023/26/937/2326937_500.jpg/melon/resize/120/quality/80/optimize,IF YOU,BIGBANG (빅뱅),포크/블루스
https://cdnimg.melon.co.kr/cm/album/images/026/44/090/2644090_500.jpg/melon/resize/120/quality/80/optimize,10월의 날씨,10CM,포크/블루스
https://cdnimg.melon.co.kr/cm2/album/images/108/27/816/10827816_20211229143632_500.jpg/melon/resize/120/quality/80/optimize,정거장,아이유,포크/블루스
https://cdnimg.melon.co.kr/cm/album/images/027/07/131/2707131_500.jpg/melon/resize/120/quality/80/optimize,You(=I),볼빨간사춘기,"인디음악, 포크/블루스"
